0,5,100,48.71667,-24.5177,-33.46579,20.4226,-24.63142,-95.02567,1.162323,-25.27197,-106.9503,-20.59225,-25.51463,-97.09387,-37.78624,-21.72157,-71.73586,67,22,23,30,94
0,5,100,48.35406,-25.16148,-33.33631,20.71602,-24.83359,-94.62682,1.545331,-25.8689,-106.2928,-20.24654,-26.06134,-96.48113,-37.53659,-22.14381,-71.30138,67,22,23,30,93
0,5,100,48.09296,-25.48571,-33.37564,21.08832,-25.91552,-93.8056,1.914756,-26.86506,-105.5723,-20.09303,-26.81485,-95.84619,-37.36851,-22.75211,-70.76971,66,22,24,30,93
0,5,100,48.13398,-25.59571,-33.48422,21.18453,-26.20674,-93.72583,1.824745,-26.86922,-105.7299,-20.27233,-26.84319,-95.89934,-37.53976,-22.8048,-70.76367,65,22,24,30,93
0,5,100,48.05356,-25.96458,-33.50561,21.31514,-26.3546,-93.69283,1.815934,-26.80326,-105.8266,-20.38367,-26.8216,-95.92132,-37.60657,-22.93179,-70.65711,65,22,24,30,93
0,5,100,48.07426,-26.12999,-33.50475,21.19952,-26.49656,-93.9732,1.605158,-26.80663,-106.2515,-20.60376,-26.82331,-96.16157,-37.91573,-22.67725,-70.91068,66,23,24,30,93
0,5,100,48.04128,-26.39941,-33.48416,20.89992,-26.54996,-94.33707,1.332934,-26.9194,-106.6769,-20.82787,-26.92563,-96.45683,-38.13921,-22.48058,-71.19362,66,23,24,30,94
0,5,100,48.22387,-26.30653,-33.48292,20.4439,-26.28814,-94.95698,1.009944,-27.13539,-107.1101,-20.96058,-27.21269,-96.73363,-38.20595,-22.45119,-71.41521,67,22,24,31,94
0,5,100,48.56023,-26.00959,-33.4203,20.12047,-26.17435,-95.53082,0.8648882,-27.54877,-107.5274,-20.9391,-27.55899,-97.0518,-38.3871,-22.27048,-71.80716,68,22,24,31,95
0,5,100,48.78843,-25.87469,-33.24557,20.00016,-26.5342,-95.61295,0.9336252,-28.20444,-107.5751,-20.78039,-28.13245,-97.02461,-38.40504,-22.33408,-71.90263,68,22,24,31,95
0,5,100,48.96455,-25.94121,-32.93379,19.9014,-26.87956,-95.22784,1.040785,-28.55975,-107.3745,-20.51019,-28.42247,-96.76945,-38.12522,-22.3201,-71.76447,68,22,24,31,95
0,5,100,50.21309,-26.1605,-32.30544,20.18757,-29.00832,-93.76408,1.866116,-29.78117,-106.1098,-19.9922,-29.28342,-95.81635,-37.97464,-22.78281,-71.10841,68,22,24,31,96
0,5,100,50.99994,-26.50977,-31.56964,20.61092,-30.93378,-92.15019,2.756144,-30.68825,-104.9136,-19.40741,-29.89684,-94.88448,-37.77545,-23.14368,-70.43756,67,21,24,31,96
0,5,100,51.49876,-27.0547,-30.87002,21.02309,-32.61925,-90.45632,3.457273,-31.12728,-104,-19.01689,-30.08697,-94.19259,-37.65474,-23.32602,-69.86634,67,22,24,31,97
0,5,100,51.54459,-27.9894,-30.30137,21.07248,-33.20373,-89.45856,3.887524,-31.1382,-103.2648,-18.66138,-30.1863,-93.51658,-37.31063,-23.57677,-69.27244,66,22,24,31,97
0,5,100,51.5027,-28.42729,-29.97732,21.28027,-33.3866,-88.94747,4.101067,-31.08467,-102.8693,-18.65591,-30.08879,-93.21389,-37.39886,-23.52307,-68.99613,66,22,24,31,97
0,5,100,51.30486,-29.06322,-29.7535,21.35583,-32.94028,-88.91454,4.211422,-30.22144,-103.1503,-18.56872,-29.41409,-93.39776,-37.26809,-23.2103,-68.94634,66,22,24,31,97
0,5,100,51.27657,-29.7877,-29.46001,21.49586,-32.7549,-88.53138,4.396687,-29.93938,-102.7881,-18.66576,-29.22802,-93.07984,-37.25529,-23.16885,-68.58146,66,22,25,31,97
0,5,100,50.43454,-30.65387,-29.54768,21.43324,-32.32205,-88.76566,4.219471,-29.01158,-103.3793,-18.86176,-28.73124,-93.43919,-37.10548,-23.21743,-68.4725,65,22,25,31,96
0,5,100,50.54383,-31.02751,-29.25822,22.24482,-33.61023,-87.32204,4.411304,-29.06505,-102.9072,-19.2301,-28.28044,-93.30275,-37.7038,-22.83415,-68.31752,64,24,25,31,96
0,5,100,50.80482,-30.92651,-29.1848,22.17422,-33.66301,-87.08687,4.324825,-28.9879,-102.6997,-19.29821,-28.07797,-93.16342,-37.72565,-22.68736,-68.21109,64,24,25,31,97
0,5,100,51.18801,-30.81187,-29.15524,21.91669,-34.01929,-86.46759,4.242153,-29.50077,-101.905,-19.21209,-28.49872,-92.48898,-37.31852,-23.07157,-67.75275,64,23,25,31,96
0,5,100,51.34051,-30.64541,-29.08085,21.94901,-34.72024,-85.71784,4.367825,-30.56924,-100.898,-19.0628,-29.28879,-91.68551,-36.98382,-23.64616,-67.18864,63,23,25,30,96
0,5,100,51.29797,-30.54241,-28.88163,22.43775,-35.58245,-84.77499,4.530613,-30.85757,-100.6949,-19.29049,-29.13081,-91.70061,-37.37278,-23.28316,-67.22022,63,24,25,30,96
0,5,100,51.01351,-30.21417,-29.25237,22.17577,-34.20986,-86.71799,4.264515,-30.16628,-101.8702,-19.44611,-28.91602,-92.43919,-37.19667,-23.20463,-67.64106,64,23,25,31,96
0,5,100,51.43015,-29.79005,-29.30222,22.30826,-33.96195,-87.47543,4.474609,-31.13611,-101.549,-19.27292,-29.75481,-92.20605,-36.90419,-23.65744,-67.53174,65,22,25,30,96
0,5,100,51.57078,-29.37309,-29.52288,22.35488,-33.37791,-88.56001,4.530437,-31.46452,-101.8658,-19.08721,-30.21544,-92.36306,-36.57608,-24.00812,-67.64297,65,22,25,30,96
0,5,100,51.9652,-28.882,-29.66214,22.84126,-33.80415,-88.46991,4.991871,-32.90974,-101.0356,-18.7093,-31.32769,-91.75085,-36.26449,-24.75418,-67.25699,65,21,25,30,95
0,5,100,52.44984,-28.1733,-29.95008,23.06071,-33.59927,-89.14516,5.204782,-34.06959,-100.819,-18.55213,-32.29108,-91.55444,-36.21058,-25.2597,-67.33825,66,21,25,30,96
0,5,100,52.8967,-27.15398,-30.40124,23.06115,-32.95869,-90.31431,5.079153,-34.56497,-101.1697,-18.49706,-33.02171,-91.67182,-36.23082,-25.71983,-67.62724,67,21,25,30,96
0,5,100,53.30901,-26.5976,-30.5654,23.04368,-32.02809,-91.51517,4.787207,-34.06175,-102.0483,-18.72106,-32.78519,-92.29051,-36.6832,-25.41179,-68.30173,68,21,25,30,97
0,5,100,52.70237,-25.53984,-31.29852,22.68133,-30.97108,-92.89988,3.972626,-33.9616,-103.0609,-19.22078,-32.67574,-93.19375,-37.19939,-25.05643,-69.32926,68,21,25,30,97
0,5,100,51.66355,-24.69893,-32.0605,22.06844,-29.60149,-94.07379,2.790936,-32.79089,-104.6512,-20.08141,-31.61076,-94.59302,-37.82558,-24.31653,-70.41389,68,22,25,30,97
0,5,100,50.28172,-23.8492,-32.93427,20.92429,-27.42012,-95.63843,1.413428,-30.26886,-106.8288,-20.64744,-29.60837,-96.41161,-38.17244,-22.97897,-71.77357,69,22,24,30,96
0,5,100,49.23071,-23.75549,-33.39498,20.22717,-25.41592,-96.36352,0.7721291,-27.8231,-107.9525,-20.72617,-27.61304,-97.46305,-37.97795,-21.9267,-72.39417,69,22,23,30,95
0,5,100,48.63754,-23.6395,-33.48013,20.23667,-25.09712,-95.79028,0.7960224,-26.9612,-107.7002,-20.73988,-26.66092,-97.44628,-38.21778,-21.26243,-72.48392,68,22,23,30,95
0,5,100,48.01179,-23.56073,-33.59853,19.66177,-23.04855,-96.37208,0.2252722,-24.36922,-108.4287,-20.71128,-24.32813,-98.30416,-38.25194,-19.77441,-73.12426,68,22,23,31,94
0,5,100,47.86993,-23.4065,-33.64243,19.98478,-23.19218,-95.36703,0.6553822,-24.16501,-107.4865,-20.27044,-24.01487,-97.76311,-37.89104,-19.65891,-72.8061,67,22,23,30,94
0,5,100,47.6712,-23.29736,-33.73326,20.14099,-23.18314,-94.9716,0.9469433,-23.47807,-107.3496,-19.78419,-23.17684,-97.95253,-37.72169,-19.12234,-73.04581,67,22,22,30,94
0,5,100,47.45826,-23.7896,-33.68333,20.93535,-24.60986,-93.53901,1.94343,-24.72549,-105.8951,-19.14982,-24.07716,-96.9472,-37.86532,-19.36849,-72.72329,65,22,22,30,93
0,5,100,47.6521,-24.27891,-33.43954,21.69272,-24.88039,-92.47973,2.717026,-24.98425,-104.686,-18.60874,-24.25587,-95.99021,-37.99279,-19.40759,-72.30659,64,22,23,30,94
0,5,100,47.79758,-24.52914,-33.27631,22.00626,-24.21016,-92.20557,3.083267,-24.71919,-104.1729,-18.27595,-24.1345,-95.42989,-38.11696,-19.29202,-72.0204,64,22,23,31,94
0,5,100,47.60833,-24.66353,-32.93816,22.05619,-24.15848,-92.01797,3.479347,-24.9371,-103.6951,-17.96168,-24.13721,-94.99915,-38.32524,-18.73162,-72.05046,64,21,23,31,94
0,5,100,47.28402,-24.97137,-32.55907,21.93714,-24.31409,-92.13074,3.715092,-25.52099,-103.2677,-17.71958,-24.32047,-94.77182,-38.55465,-18.48988,-72.13867,64,21,23,31,94
0,5,100,47.17098,-24.80003,-32.43915,21.52241,-23.58263,-92.70325,3.571171,-25.30736,-103.4057,-17.77596,-24.1501,-94.81816,-38.87943,-18.13887,-72.28804,65,20,23,31,95
0,5,100,47.10974,-24.3086,-32.61021,20.87907,-22.90672,-93.17792,3.400871,-24.97598,-103.5867,-17.7784,-23.9598,-94.90811,-38.8619,-18.30592,-72.11746,66,20,22,31,94
0,5,100,47.20518,-24.34177,-32.67523,20.64828,-23.04861,-93.18774,3.456131,-25.43741,-103.3543,-17.66353,-24.55968,-94.62471,-38.76393,-18.90833,-71.82866,66,20,22,31,94
0,5,100,47.38657,-24.18506,-32.86066,20.53958,-23.52721,-93.19029,3.472076,-25.9584,-103.2683,-17.69709,-25.14017,-94.48367,-38.60361,-19.69911,-71.41051,66,19,22,31,94
0,5,100,47.44247,-24.14783,-33.09104,20.7641,-23.84768,-93.17049,3.33947,-26.05636,-103.386,-18.2034,-25.2043,-94.62928,-38.97308,-20.09808,-71.24426,65,20,23,31,94
0,5,100,47.55324,-24.05663,-33.28785,20.99959,-24.08285,-93.0955,3.263626,-26.15018,-103.3964,-18.51519,-25.30807,-94.63692,-39.24316,-20.40881,-71.08858,65,20,23,31,94
0,5,100,47.74372,-23.76291,-33.45798,20.769,-24.401,-93.16978,3.131165,-26.48202,-103.4561,-18.53014,-25.60818,-94.67102,-39.16977,-20.74268,-70.99361,65,20,23,31,94
0,5,100,47.57404,-23.87455,-33.63721,20.83927,-24.91993,-92.92551,3.220352,-26.93131,-103.263,-18.56164,-26.01446,-94.52258,-39.34676,-21.17388,-70.84254,65,20,23,31,94
0,5,100,47.62816,-23.63673,-33.77299,20.90455,-25.10034,-92.79329,3.304653,-27.13398,-103.1015,-18.52705,-26.21786,-94.40485,-39.38837,-21.49896,-70.72433,64,20,23,31,94
0,5,100,47.63324,-23.28443,-33.83707,20.85972,-24.99043,-92.77911,3.26947,-26.94012,-103.1161,-18.57673,-25.89643,-94.544,-39.41593,-21.48299,-70.74912,64,20,23,31,94
0,5,100,47.49418,-23.06034,-33.79761,20.83619,-24.79214,-92.74725,3.194664,-26.32262,-103.3495,-18.64156,-25.17162,-94.84613,-39.37694,-21.11148,-70.93407,64,20,23,31,94
0,5,100,47.33508,-23.16969,-33.81348,21.02372,-24.35679,-92.88301,2.830566,-25.10392,-104.143,-18.934,-23.94466,-95.50375,-39.42058,-19.99335,-71.46643,64,21,23,31,94
0,5,100,47.26711,-23.33366,-33.75472,21.47953,-24.44768,-92.48975,2.709705,-24.46636,-104.378,-19.03848,-23.47011,-95.61433,-39.24379,-19.35191,-71.61721,64,22,23,31,94
0,5,100,47.5107,-22.9733,-33.91158,21.63627,-24.15314,-92.63202,2.324474,-23.78885,-104.9445,-19.43315,-22.80341,-95.98508,-39.46124,-18.53763,-71.87834,64,22,23,31,95
0,5,100,47.34592,-22.84122,-34.13147,21.64074,-24.97115,-92.38138,2.116436,-24.18633,-105.1467,-19.61181,-23.32053,-96.03207,-39.21886,-18.82378,-71.86223,63,23,23,31,94
0,5,100,47.65073,-22.47716,-34.29363,21.49304,-25.49445,-92.64919,1.650669,-24.03486,-106.0672,-20.09247,-23.06194,-96.7703,-39.16493,-18.67341,-72.19952,64,23,23,31,94
0,5,100,47.83451,-22.2486,-34.32442,21.32638,-26.09209,-92.75024,1.477171,-24.7741,-106.2429,-20.33526,-23.67889,-96.86272,-39.07724,-19.05064,-72.14709,64,24,23,31,94
0,5,100,48.01211,-22.21751,-34.2709,20.93704,-26.33699,-94.04892,0.8377266,-25.28589,-107.5841,-20.86351,-24.1178,-97.81812,-39.38987,-19.03585,-72.80531,65,24,23,31,95
0,5,100,48.37236,-22.52444,-34.15117,20.90972,-26.95571,-94.55646,0.7868032,-25.75641,-108.3807,-21.11899,-24.23692,-98.38599,-39.33471,-18.92815,-72.9816,66,24,24,31,95
0,5,100,48.59634,-23.09046,-33.96483,20.65445,-26.91865,-95.14096,0.6783967,-26.93882,-108.3928,-21.07061,-25.78357,-98.05421,-38.70702,-20.26296,-72.43858,67,23,24,31,95
0,5,100,48.61822,-23.55349,-33.71852,20.48024,-27.85687,-94.71533,0.6965599,-27.9082,-108.1378,-21.02829,-26.61049,-97.71021,-38.05355,-21.01871,-71.93829,67,23,24,31,94
0,5,100,48.64983,-24.06003,-33.45015,20.82005,-29.21072,-93.89133,1.088028,-29.49894,-107.4904,-20.95793,-28.04175,-97.00409,-37.54719,-22.12882,-71.16063,66,23,24,31,94
0,5,100,49.05196,-24.92337,-33.14928,21.22513,-29.5914,-93.97976,1.487404,-30.56343,-107.1738,-20.66533,-29.06548,-96.59872,-36.93111,-22.92522,-70.56364,67,23,24,31,93
0,5,100,49.86098,-25.65547,-32.5515,21.6877,-29.31521,-94.35925,1.801231,-30.99975,-106.8282,-20.51355,-29.51618,-96.20609,-36.70002,-23.26081,-70.11427,68,23,24,31,94
0,5,100,50.25435,-26.67893,-32.00983,22.19088,-29.37799,-94.2769,2.388889,-31.72869,-106.0818,-20.07874,-30.21377,-95.46895,-36.43052,-23.79433,-69.50568,68,23,24,31,94
0,5,100,50.46811,-27.89381,-31.44602,22.67312,-29.29272,-94.06481,2.790783,-31.98994,-105.4462,-19.8799,-30.30111,-94.9199,-36.43946,-23.80258,-69.10622,68,23,25,31,94
0,5,100,50.1101,-29.5507,-30.86876,22.60459,-28.72025,-93.96483,2.84454,-31.5201,-105.0087,-19.67363,-29.92695,-94.47273,-36.27412,-23.6233,-68.6599,68,22,24,31,94
0,5,100,49.86909,-31.40822,-30.22323,22.79385,-28.36087,-93.63924,3.155849,-30.95358,-104.3054,-19.3791,-29.88398,-93.7953,-36.43132,-23.83836,-67.96575,69,22,24,31,94
0,5,100,48.83695,-33.26804,-29.80936,22.16781,-26.94411,-93.87775,2.827477,-29.73857,-104.2601,-19.0447,-29.40901,-93.25603,-36.01184,-23.76488,-67.28011,69,22,24,31,93
0,5,100,48.90508,-34.69094,-29.04954,22.54777,-26.93514,-93.05035,3.303337,-29.65659,-103.0574,-19.07914,-29.33521,-92.50553,-36.96402,-23.62626,-66.85244,69,21,24,31,94
0,5,100,48.15871,-35.89841,-29.00153,22.14247,-26.52159,-92.80839,3.216228,-29.17564,-103.0385,-18.84945,-29.3914,-92.31147,-37.24271,-23.38886,-66.94651,69,21,24,31,94
0,5,100,47.61344,-37.13708,-28.43517,22.4449,-26.89581,-92.26495,4.128441,-30.08403,-102.0981,-18.83163,-29.89055,-92.05315,-38.42595,-23.44846,-67.02049,69,21,25,32,95
0,5,100,46.65881,-38.33856,-27.86413,22.43681,-27.74024,-90.84429,5.083153,-31.23254,-100.9379,-18.78912,-30.38844,-91.66186,-39.62894,-23.26764,-67.09531,68,20,25,32,95
0,5,100,45.80743,-39.43266,-27.47485,22.61341,-29.07762,-88.81554,5.821777,-32.42584,-99.81209,-18.89532,-30.89339,-91.25255,-40.88489,-22.96219,-67.13597,66,20,26,33,96
0,5,100,45.6741,-39.90868,-27.45658,22.91056,-29.34863,-88.19355,6.130398,-33.35277,-98.96091,-18.98401,-31.53079,-90.82429,-41.43832,-23.01327,-66.92828,65,20,26,33,97
0,5,100,46.38828,-39.52419,-27.68263,23.16169,-29.30041,-88.28845,5.86031,-32.81535,-99.30534,-19.38741,-31.09378,-90.85503,-41.70318,-22.32031,-67.04317,65,20,26,33,98
0,5,100,47.35136,-38.63637,-28.08061,23.69648,-28.88192,-89.34909,5.694641,-32.35812,-99.91476,-19.47135,-30.68425,-91.18358,-41.38527,-22.21261,-67.144,66,21,26,33,98
0,5,100,48.49326,-37.41887,-28.5149,24.44679,-28.76702,-90.38818,5.415102,-32.0559,-100.3592,-19.57295,-30.44453,-91.39043,-40.37297,-22.62217,-66.94367,66,21,26,33,97
0,5,100,48.43272,-36.83247,-28.8999,24.19874,-28.5735,-90.96712,4.883453,-31.87076,-100.9431,-19.35301,-30.64732,-91.46298,-39.26698,-23.20747,-66.81026,67,21,26,32,96
0,5,100,49.16059,-34.91165,-29.50098,24.37611,-28.77394,-91.81326,4.150211,-31.42545,-102.1031,-19.61399,-30.17316,-92.22584,-38.41891,-23.17293,-67.19479,67,22,25,32,96
0,5,100,49.78303,-32.795,-30.15106,24.41614,-28.81646,-92.64211,3.409151,-30.82017,-103.7158,-19.98531,-29.28141,-93.59756,-37.57803,-22.70756,-68.03889,67,23,25,31,95
0,5,100,49.92283,-30.94084,-30.9902,24.40371,-30.12167,-92.53911,2.899242,-30.48038,-105.2607,-20.31647,-28.67586,-94.94417,-37.12802,-22.44608,-68.95793,66,24,25,31,95
0,5,100,50.21082,-28.22638,-31.96511,24.09552,-31.11401,-93.03558,1.934708,-29.35307,-107.4463,-21.08718,-27.46882,-96.86292,-37.11669,-21.80633,-70.18391,66,26,25,31,95
0,5,100,50.34701,-25.85393,-32.84615,23.68214,-31.02352,-94.20986,1.265404,-28.22411,-109.2944,-21.46601,-26.51048,-98.47129,-37.17496,-21.28054,-71.35888,67,27,25,31,95
0,5,100,50.28701,-22.93538,-33.60736,23.28057,-30.35454,-95.11975,0.5134554,-26.63956,-110.6592,-22.24197,-24.46768,-99.99361,-38.30668,-19.47729,-72.73317,67,27,25,32,96
0,5,100,50.10198,-21.91381,-33.63397,22.66697,-28.27032,-96.31476,0.4363956,-25.12849,-110.9942,-21.87665,-23.23877,-100.4518,-38.43976,-18.7045,-73.418,68,26,24,32,97
0,5,100,50.00648,-20.89317,-33.62734,22.10785,-26.87323,-96.53393,0.5779085,-23.71885,-110.7424,-21.53718,-21.60625,-100.5319,-38.87325,-17.36151,-73.92046,69,25,24,32,97
0,5,100,49.37302,-21.4681,-33.51742,21.91022,-25.42696,-96.72292,1.292173,-23.16544,-110.1938,-20.44873,-21.11066,-100.2331,-38.79556,-16.62882,-74.24612,69,24,24,32,97
0,5,100,49.17414,-20.64877,-33.75561,21.59483,-25.24572,-95.9992,1.822786,-23.8586,-108.8269,-19.69486,-21.66144,-99.28219,-38.70357,-16.74753,-74.03768,68,23,23,31,96
0,5,100,48.07977,-21.84609,-33.80984,21.3947,-23.97974,-95.62353,2.247166,-23.4373,-107.9235,-18.70217,-21.85071,-98.55145,-38.15339,-16.92618,-73.91151,67,22,23,31,95
0,5,100,47.51834,-22.28063,-33.94247,21.40862,-23.9026,-94.60841,2.741962,-24.14063,-106.3805,-18.18336,-22.64471,-97.33676,-37.99419,-17.4551,-73.32903,66,22,22,31,94
0,5,100,47.12204,-23.60577,-33.68771,21.40975,-23.54208,-94.01494,2.941158,-24.02179,-105.7236,-17.92912,-22.8726,-96.74878,-37.83357,-17.72528,-73.03694,65,21,22,31,93
0,5,100,46.9757,-24.27116,-33.55253,21.56548,-23.62797,-93.3879,3.27433,-24.1635,-105.1204,-17.71188,-23.21317,-96.19794,-37.75692,-17.96586,-72.77081,65,21,22,31,93
0,5,100,47.14985,-24.77605,-33.37177,21.45166,-23.80229,-93.02316,3.570148,-24.63016,-104.5753,-17.41148,-23.80773,-95.69116,-37.57504,-18.50402,-72.45004,64,21,22,31,93
0,5,100,47.20445,-24.97804,-33.08896,21.26649,-23.99017,-92.98175,3.512344,-24.89135,-104.4184,-17.48406,-23.81935,-95.63136,-37.79778,-18.33317,-72.45474,65,21,22,31,93
0,5,100,47.22708,-25.31161,-32.6261,20.90777,-25.03925,-92.63747,3.60096,-26.60901,-103.519,-17.50178,-25.17073,-94.96317,-38.15863,-19.03069,-72.06589,65,20,22,31,94
0,5,100,47.24948,-25.30865,-32.56047,20.55163,-24.75461,-92.8042,3.517403,-26.6343,-103.428,-17.49358,-25.45847,-94.76643,-38.20793,-19.32388,-71.9072,65,20,22,31,94
0,5,100,47.32993,-25.0174,-32.51488,20.05064,-24.75262,-92.81414,3.43045,-27.04794,-103.025,-17.48605,-26.04279,-94.27839,-38.20478,-19.94659,-71.46891,66,19,22,31,94
0,5,100,47.59581,-23.82742,-32.63187,19.28999,-23.50632,-93.50202,2.582619,-26.0976,-103.5029,-18.26463,-25.08408,-94.72105,-38.79636,-19.57916,-71.46967,67,19,22,31,94
0,5,100,47.55446,-22.82539,-32.87674,18.59557,-22.17838,-94.10233,1.872894,-25.00787,-103.9675,-18.90569,-24.00506,-95.1496,-39.29221,-18.96186,-71.57727,67,19,22,31,95
0,5,100,47.53484,-22.18327,-33.10308,18.26819,-21.75127,-94.34029,1.529739,-24.62073,-104.138,-19.31438,-23.55786,-95.31319,-39.69577,-18.63371,-71.63131,67,19,22,31,95
0,5,100,47.39311,-22.7056,-33.23535,18.61322,-22.77371,-94.01797,1.970779,-25.26256,-103.9905,-19.01582,-24.24868,-95.11798,-39.54859,-19.15266,-71.53712,67,19,22,31,95
0,5,100,47.88148,-22.48518,-33.3075,18.9151,-23.42945,-94.06773,1.96727,-25.48933,-104.3595,-19.17416,-24.27393,-95.55444,-39.67854,-19.28947,-71.78313,67,19,22,31,95
0,5,100,48.0405,-22.61696,-33.39552,19.51145,-24.05328,-93.91643,2.352539,-25.58437,-104.5743,-18.89443,-24.35506,-95.76778,-39.39809,-19.54572,-71.89311,66,20,23,31,95
0,5,100,47.70642,-22.93362,-33.4678,20.24553,-24.51861,-93.71551,2.366821,-25.0931,-105.2702,-18.95995,-23.70777,-96.44788,-39.11005,-18.66683,-72.54221,66,21,23,31,95
0,5,100,47.58347,-23.15338,-33.51627,20.76476,-24.81858,-93.67365,2.369625,-24.63593,-105.9317,-18.99296,-23.12366,-97.08658,-38.91372,-17.96558,-73.11572,65,22,23,31,95
0,5,100,47.50719,-23.19035,-33.5806,20.84032,-24.65276,-93.98895,2.045845,-23.8979,-106.7114,-19.32423,-22.34486,-97.80124,-39.01013,-17.26799,-73.62526,66,22,23,31,95
0,5,100,47.36216,-23.23483,-33.64567,20.78089,-24.53487,-94.21769,1.715164,-23.66592,-107.0775,-19.67976,-22.1922,-98.06059,-39.11141,-17.11385,-73.74569,66,23,23,31,95
0,5,100,45.74843,-26.20587,-31.1299,19.5968,-34.25821,-82.90466,4.886902,-35.60127,-93.95346,-14.20341,-35.61403,-84.47897,-30.27229,-28.3573,-63.15643,58,18,21,27,82
1,5,100,25.03038,-53.76785,-24.51154,19.78185,-36.16922,0.1808319,6.767323,-26.20608,17.53806,-5.137226,-22.92047,22.12076,-18.16383,-21.17705,16.93275,30,23,13,14,68
1,5,100,25.43861,-53.94312,-24.45523,19.72878,-35.96198,0.5307007,6.782394,-26.02525,17.56479,-5.041443,-22.77386,22.17542,-17.98571,-21.00633,16.89417,31,23,13,14,68
1,5,100,25.33416,-53.84641,-24.45439,20.11286,-36.12121,0.01182556,6.683336,-26.24494,17.24269,-5.463781,-23.08266,21.86201,-18.44528,-21.3527,16.80612,30,23,13,14,68
1,5,100,25.046,-53.79617,-24.44446,20.19831,-36.48979,-0.5103302,6.823299,-26.44015,17.17149,-5.432463,-23.23597,21.71359,-18.53967,-21.45971,16.73383,29,24,13,14,68
1,5,100,25.1696,-53.21227,-24.75522,20.14774,-36.59054,-0.6594238,6.597858,-27.04865,17.26749,-5.294786,-23.48687,21.98232,-18.58155,-21.90588,17.13919,29,24,13,14,68
1,5,100,24.81673,-53.44645,-24.53766,20.21468,-36.74702,-0.747757,6.752213,-27.15966,17.16832,-5.263813,-23.61886,21.84622,-18.52902,-21.90403,17.00937,29,24,13,14,67
1,5,100,24.40715,-53.80302,-24.28954,20.26847,-37.00698,-0.8609772,6.890446,-27.26236,17.03662,-5.206139,-23.69502,21.68404,-18.48659,-21.87921,16.84462,29,24,13,14,67
1,5,100,24.1349,-54.08199,-24.14548,20.29755,-37.32091,-1.219391,7.014843,-27.24091,17.04654,-5.136736,-23.68804,21.65059,-18.41933,-21.79076,16.75922,28,24,13,14,67
1,5,100,24.04617,-54.22892,-24.08929,20.34293,-37.54564,-1.58905,7.066067,-27.21264,17.06941,-5.102356,-23.66436,21.65808,-18.38411,-21.72977,16.73291,28,25,13,14,67
1,5,100,23.66011,-54.63201,-23.94563,20.35918,-37.903,-1.994049,7.134129,-27.15216,17.11807,-5.032799,-23.57664,21.68634,-18.30054,-21.58394,16.69612,27,25,13,14,67
1,5,100,23.09205,-55.01646,-23.79225,20.20092,-37.72499,-1.650497,7.145344,-26.9243,17.32231,-4.94331,-23.36845,21.82094,-18.1538,-21.34981,16.74995,28,25,13,14,66
1,5,100,22.71853,-55.14923,-23.71506,20.03498,-37.35247,-1.16806,7.183168,-26.54506,17.67253,-4.803789,-23.08891,22.0368,-17.9541,-21.07002,16.85631,28,25,13,14,66
1,5,100,22.87819,-54.95937,-23.72731,19.9799,-36.42426,-0.2279205,7.059509,-26.2728,17.8656,-5.001751,-23.07358,22.14705,-18.0289,-21.13794,16.97408,30,24,13,14,66
1,5,100,22.53809,-54.69934,-23.52145,19.72206,-34.88214,1.806152,7.213869,-26.10746,18.03638,-4.764507,-22.97346,22.2505,-18.03561,-21.14555,17.15134,32,22,13,14,66
1,5,100,22.63492,-54.5483,-23.20535,19.62535,-34.19228,3.494522,7.338636,-26.00183,18.12376,-4.468523,-22.83276,22.32379,-17.97215,-21.12341,17.28995,33,20,12,14,66
1,5,100,22.98561,-54.28427,-23.03844,19.51977,-34.03527,4.233459,7.421021,-25.58582,18.49881,-4.506701,-22.55479,22.62659,-18.08923,-21.01746,17.61499,34,20,12,14,66
1,5,100,23.31555,-54.07906,-23.13116,18.82477,-32.31797,7.408585,7.463268,-25.00666,19.17834,-4.770794,-22.33603,23.56961,-17.82376,-20.97256,18.31604,37,17,13,14,67
1,5,100,23.76271,-53.72896,-23.47467,18.39529,-31.53638,9.061646,7.381847,-24.74344,19.42656,-4.874393,-22.17216,23.83893,-17.77391,-20.87183,18.5549,39,16,13,14,67
1,5,100,23.89664,-53.56867,-23.28751,18.58828,-31.3412,9.325577,7.552582,-24.63342,19.68559,-4.934271,-22.1726,23.86198,-17.82273,-20.85599,18.63959,39,16,13,13,67
1,5,100,24.29604,-52.9875,-23.24109,18.64735,-30.24279,10.86546,6.529086,-24.59454,20.34341,-4.824585,-22.37872,24.29967,-17.23456,-20.87099,18.85179,41,16,12,13,67
1,5,100,24.77246,-52.63604,-22.65001,18.72727,-28.86293,12.05566,5.9976,-24.71651,20.56978,-4.633786,-22.63499,24.39516,-16.80694,-20.93011,18.85641,42,15,11,13,66
1,5,100,25.29696,-51.87704,-21.63403,18.65263,-26.16619,11.66864,5.994881,-24.56631,20.54704,-4.709705,-22.70287,23.8461,-16.82351,-20.70987,18.28612,42,15,11,13,65
1,5,100,26.70362,-50.58053,-20.62627,19.58968,-24.48406,11.88564,6.35954,-24.52546,20.3291,-4.222145,-22.80405,23.16484,-16.73217,-20.67019,17.68141,42,15,11,13,65
1,5,100,27.04134,-49.388,-20.25883,20.46758,-23.42898,11.98215,6.679062,-24.69559,20.24173,-4.455944,-23.19026,22.88252,-16.55779,-20.87841,17.29208,41,16,11,13,64
1,5,100,27.80018,-48.84284,-19.83232,21.04558,-23.24444,11.96361,6.877094,-25.17013,20.13689,-4.443308,-23.49962,22.57771,-16.7505,-21.22744,17.15268,41,16,11,13,64
1,5,100,28.3459,-48.34021,-19.85736,21.23491,-22.95908,11.90746,6.856346,-25.25362,19.97466,-4.491907,-23.52644,22.3351,-16.97374,-21.3503,16.99989,41,16,11,13,64
1,5,100,28.98823,-48.43959,-20.02631,21.12095,-23.05402,11.57359,6.811701,-25.61241,19.66257,-4.534122,-23.83632,22.04567,-17.21863,-21.70017,16.87602,41,16,11,13,64
1,5,100,31.18337,-48.28296,-20.22639,21.08414,-23.0095,11.61624,6.951569,-25.47645,19.48601,-4.479389,-23.79298,21.83926,-17.4079,-21.70015,16.73904,41,16,11,14,66
1,5,100,32.36987,-48.59531,-19.95201,20.85423,-23.27245,11.40215,7.075602,-25.68169,19.35249,-4.432602,-23.92168,21.67366,-17.52701,-21.8642,16.63394,41,16,11,14,67
1,5,100,33.67823,-48.88991,-19.9944,20.21031,-23.43656,10.90936,6.939352,-25.82802,18.99657,-4.542282,-23.99472,21.32324,-17.74874,-21.99098,16.36057,42,15,11,14,68
1,5,100,35.52477,-48.73793,-20.17737,19.68571,-23.63976,10.54395,6.854767,-25.90975,18.65407,-4.582535,-24.08755,21.01962,-17.87962,-22.13593,16.06638,42,15,11,14,69
1,5,100,37.32283,-48.17033,-20.17224,19.35656,-23.68193,10.24612,6.830349,-25.96918,18.34462,-4.585838,-24.20027,20.71539,-17.96574,-22.3078,15.7545,42,15,11,14,70
1,5,100,38.37056,-47.68754,-20.00385,19.15348,-23.6375,9.874741,6.797592,-25.97009,18.07008,-4.633247,-24.23018,20.40677,-18.05403,-22.41345,15.45901,42,15,11,14,71
1,5,100,38.23699,-47.43261,-20.07092,18.89315,-23.77901,9.570374,6.745731,-26.19166,17.84171,-4.603542,-24.45595,20.20227,-17.97983,-22.65129,15.25313,42,14,11,14,70
1,5,100,36.14069,-47.74314,-20.49265,18.73285,-24.12852,9.761414,6.724783,-26.6209,17.89076,-4.467236,-24.8713,20.34471,-17.72459,-22.97369,15.32077,42,14,11,14,69
1,5,100,35.04018,-47.33524,-20.83878,18.64265,-24.12972,9.827209,6.68384,-26.81026,17.87614,-4.298344,-25.07682,20.37253,-17.42339,-23.14014,15.21175,41,14,11,14,68
1,5,100,33.90252,-47.39569,-21.18988,18.50216,-24.2693,9.767166,6.598442,-26.93642,17.92154,-4.217922,-25.1655,20.394,-17.19687,-23.27275,15.09021,41,14,11,14,67
2,5,101,-61.47596,-36.5189,-24.23037,-22.01121,-40.75941,-76.15179,-6.511586,-49.58857,-76.87828,14.84267,-48.24385,-69.95042,34.13106,-37.87053,-54.25266,65,17,22,26,100
2,5,101,-61.26801,-36.70712,-24.26389,-22.12841,-38.95607,-78.34232,-5.97244,-48.79214,-78.01167,15.00548,-48.15375,-70.11601,34.03866,-38.06481,-53.97641,66,18,22,26,99
2,5,101,-60.94043,-36.84099,-24.41133,-22.07559,-37.54713,-80.07596,-5.48295,-47.59435,-79.77647,15.31964,-47.58804,-70.98528,34.10612,-37.93008,-54.18079,67,19,22,26,99
2,5,101,-60.57508,-36.83718,-24.62661,-21.78285,-36.73524,-81.24938,-5.171072,-46.43983,-81.6103,15.60239,-46.80383,-72.25111,34.22859,-37.54315,-54.83282,68,19,22,27,99
2,5,101,-59.88478,-36.54472,-24.90163,-21.32829,-36.53404,-81.18149,-5.021176,-45.31438,-82.89226,15.98185,-45.45775,-73.66826,34.68118,-36.46505,-55.92989,68,18,22,27,99
2,5,101,-59.89526,-36.04585,-24.97015,-21.30994,-37.21523,-80.03089,-5.350648,-45.8528,-81.79987,15.95381,-45.33456,-73.46163,34.91919,-36.02012,-56.19976,67,18,22,27,99
2,5,101,-60.31398,-35.54581,-24.89011,-21.35145,-38.44408,-78.34647,-5.87537,-47.172,-79.62457,15.65949,-45.94384,-72.34801,34.90805,-36.0805,-55.89438,66,17,22,27,100
2,5,101,-60.9784,-34.97807,-24.78964,-21.52339,-39.53203,-77.00412,-6.259898,-48.39138,-77.79642,15.2781,-46.78575,-71.0943,34.66959,-36.44376,-55.3177,65,17,22,27,100
2,5,101,-61.57303,-34.44285,-24.80354,-21.8046,-39.50011,-77.20874,-6.270707,-48.92748,-77.28809,14.93699,-47.53528,-70.23358,34.24822,-36.97797,-54.67322,65,18,22,26,100
2,5,101,-61.61982,-34.22189,-24.99901,-21.99789,-38.13107,-79.16766,-5.754299,-48.10622,-78.98122,14.9955,-47.52589,-70.63425,34.02131,-37.20163,-54.53142,67,19,22,26,100
2,5,101,-61.26963,-34.09359,-25.22421,-21.77273,-36.56406,-81.18668,-5.108995,-46.0779,-82.13443,15.53691,-46.20787,-72.69901,34.3668,-36.47569,-55.52495,68,19,22,27,100
2,5,101,-61.15351,-33.53699,-25.36275,-21.56271,-36.52795,-80.83563,-5.123856,-45.49959,-82.54109,15.82995,-45.23279,-73.56558,34.79063,-35.58278,-56.25285,68,18,22,27,100
2,5,101,-61.54679,-33.11037,-25.38511,-21.4644,-37.35804,-79.90986,-5.464929,-46.21599,-81.53751,15.63504,-45.56023,-73.13142,34.70527,-35.65004,-56.15192,67,18,22,27,101
2,5,101,-62.13227,-32.27531,-25.59026,-21.36831,-38.54108,-78.96344,-5.768117,-47.40744,-80.3605,15.14773,-46.50369,-72.28677,34.12238,-36.23748,-55.64685,67,17,22,27,100
2,5,101,-62.49747,-31.7911,-25.64886,-21.2914,-37.90252,-80.08174,-5.328314,-46.1022,-82.74339,15.52189,-45.43159,-74.07191,34.4322,-35.52979,-56.58452,68,18,22,27,101
2,5,101,-63.1437,-30.94689,-25.97239,-21.04519,-39.85498,-78.53207,-5.821999,-47.46381,-81.8728,15.05767,-46.28923,-73.75299,33.9961,-35.97591,-56.59146,67,17,22,27,101
2,5,101,-64.10426,-30.24725,-26.48542,-21.7033,-41.37762,-78.46834,-6.864112,-48.08793,-83.10844,14.19886,-46.82142,-74.90445,33.16903,-36.51958,-57.39194,67,16,22,27,102
2,5,101,-64.89739,-29.6798,-26.84225,-22.10826,-42.24535,-78.61238,-7.53162,-48.75247,-83.53395,13.67072,-47.30936,-75.62254,32.78598,-36.81345,-58.13684,68,16,22,27,102
2,5,101,-65.25371,-28.8786,-27.15794,-22.18486,-42.44031,-79.05563,-7.595798,-48.6808,-84.47652,13.58745,-47.23497,-76.43779,32.66597,-36.71124,-58.72028,68,16,22,28,103
2,5,101,-66.01188,-27.79848,-27.46231,-22.27953,-43.36653,-78.85489,-8.206932,-49.53156,-84.28258,13.14511,-47.73471,-76.7265,32.48649,-36.82738,-59.26695,69,16,22,28,103
2,5,101,-67.16052,-26.92828,-27.44006,-22.83516,-44.14469,-78.23909,-9.305305,-50.14503,-84.03035,12.51581,-48.04533,-76.64388,32.20394,-37.10684,-59.51878,69,15,23,28,104
2,5,101,-68.07932,-25.64468,-27.32227,-22.73075,-45.11351,-77.30217,-9.921282,-51.51892,-82.89452,12.02401,-49.15247,-75.52184,31.81286,-37.88165,-59.00449,70,15,23,28,105
2,5,101,-68.67855,-24.69536,-27.24649,-22.19555,-45.72264,-76.78928,-9.970074,-52.52216,-82.22612,11.9431,-50.00404,-74.7775,31.49973,-38.63548,-58.47858,71,15,23,27,105
2,5,101,-69.42485,-24.16837,-27.08363,-21.71306,-46.08032,-76.62151,-9.803173,-53.67577,-81.34608,11.91129,-51.1864,-73.76169,31.0664,-39.91215,-57.49974,72,14,23,27,106
2,5,101,-70.49046,-24.17825,-26.39935,-21.81862,-46.45027,-76.5432,-8.925983,-53.85527,-82.33177,12.17804,-51.59021,-73.97557,30.88693,-41.14806,-56.31802,73,15,22,27,107
2,5,101,-70.61467,-25.0078,-26.01501,-21.80518,-46.55633,-76.59103,-8.322777,-53.41309,-83.70096,12.58128,-51.38499,-74.85965,31.06701,-41.91381,-55.77813,73,16,22,28,107
2,5,101,-70.81763,-25.90665,-25.66528,-21.90379,-46.52277,-76.52892,-7.745865,-52.32318,-85.3416,13.49591,-50.37936,-76.35326,32.16488,-41.77958,-56.30682,73,17,23,28,108
2,5,101,-70.24177,-27.64369,-25.41662,-22.28581,-46.4052,-76.21814,-7.252075,-50.7695,-86.81114,14.64587,-48.78085,-77.98494,33.87073,-41.06196,-57.19391,72,18,23,29,109
2,5,101,-68.88051,-29.39906,-25.44075,-22.78966,-46.94194,-74.58839,-7.331818,-49.99209,-86.92445,15.39595,-47.70561,-78.60237,35.25588,-40.57455,-57.27842,69,20,24,29,109
2,5,101,-67.58542,-31.11278,-25.3822,-23.21145,-47.19771,-72.91263,-7.573311,-49.65926,-86.2668,15.74822,-47.22501,-78.38713,36.32828,-40.19379,-57.13218,66,20,24,30,109
2,5,101,-66.7354,-32.3059,-25.3453,-23.47932,-47.42233,-72.03606,-7.723015,-49.73913,-85.6765,15.91287,-47.14093,-78.11534,37.05473,-39.92318,-57.07547,65,20,24,30,108
2,5,101,-66.95911,-32.48805,-25.22279,-23.66699,-47.478,-71.9765,-7.717552,-49.68886,-85.67007,16.01416,-47.09875,-78.0733,37.55769,-39.65608,-57.17606,65,21,25,30,109
2,5,101,-67.59164,-32.12633,-25.09757,-23.78182,-47.68436,-71.90766,-7.763634,-49.60673,-85.84783,16.02209,-46.97403,-78.1665,37.81419,-39.3562,-57.34202,65,21,25,31,110
2,5,101,-68.17374,-32.37088,-24.81606,-24.25443,-47.33768,-72.68417,-7.6735,-49.09997,-86.3905,16.1628,-46.77579,-78.31818,38.14956,-39.30263,-57.2857,66,21,25,31,111
2,5,101,-68.40491,-32.19025,-24.74773,-24.484,-47.11053,-73.32661,-7.61927,-48.63786,-86.94851,16.25616,-46.36258,-78.70075,38.36052,-38.91194,-57.53527,67,21,25,31,111
2,5,101,-68.74488,-31.89722,-24.58457,-24.57642,-46.83612,-73.7413,-7.555626,-48.20078,-87.32472,16.23005,-46.04881,-78.80122,38.21545,-38.56871,-57.5682,67,21,25,31,112
2,5,101,-68.94183,-31.71252,-24.46646,-24.59224,-46.58557,-74.11801,-7.479889,-47.88663,-87.59566,16.22198,-45.83058,-78.87943,38.04581,-38.36745,-57.56404,68,21,25,31,112
2,5,101,-68.99673,-31.50474,-24.5652,-24.59988,-46.4547,-74.63918,-7.341797,-47.82095,-87.85468,16.38057,-45.78152,-79.12321,38.12621,-38.42233,-57.68781,68,21,25,31,112
2,5,101,-68.76833,-31.44108,-24.88079,-24.56577,-46.41283,-75.09802,-7.126335,-47.94136,-88.11887,16.57618,-45.94626,-79.36046,38.23985,-38.67526,-57.83712,68,21,25,31,112
2,5,101,-68.93223,-30.19663,-25.16808,-24.16262,-46.89022,-74.41835,-7.233109,-48.78191,-87.41177,16.36459,-46.53276,-78.94235,37.91682,-38.88788,-57.83157,68,21,25,31,112
2,5,101,-69.11131,-29.39745,-25.30419,-23.9537,-46.94515,-74.23206,-7.191902,-49.32433,-86.88596,16.36066,-47.06369,-78.52752,37.82963,-39.3275,-57.63457,68,21,25,30,112
2,5,101,-68.67744,-29.26698,-25.48637,-23.73218,-47.2368,-73.65705,-7.239197,-49.66232,-86.44625,16.29506,-47.26125,-78.31286,37.63438,-39.47762,-57.55354,68,21,25,30,111
2,5,101,-68.39774,-29.46043,-25.45177,-23.46741,-47.28693,-72.6404,-7.273308,-49.97883,-85.52766,16.22032,-47.64939,-77.58002,37.2238,-40.06878,-56.91853,67,20,24,30,110
2,5,101,-68.45683,-29.69762,-25.28433,-23.27927,-47.17285,-72.62613,-7.308434,-49.94553,-85.30128,16.17501,-47.66074,-77.49312,36.67429,-40.37885,-56.54871,67,20,24,30,110
2,5,101,-68.53019,-29.06217,-25.58525,-22.77006,-47.3243,-72.75305,-7.36277,-50.50017,-85.11569,15.9327,-48.05424,-77.52829,35.80222,-40.73651,-56.41438,68,20,24,29,109
2,5,101,-68.03761,-28.42234,-26.02372,-22.46117,-46.53163,-74.20624,-6.995071,-49.99326,-85.99805,15.7756,-47.72105,-78.12895,34.9957,-40.50772,-56.64358,68,19,24,29,108
2,5,101,-68.42355,-27.15073,-26.22391,-22.28111,-45.59673,-75.91873,-7.341248,-50.6955,-85.51283,14.79878,-48.67075,-77.32907,33.56141,-40.84041,-56.27245,70,18,23,29,107
2,5,101,-68.59554,-26.32548,-26.20598,-22.43098,-44.64179,-77.41374,-7.60323,-50.9575,-85.2233,14.00469,-49.29901,-76.46805,32.32767,-41.03809,-55.64131,71,17,23,28,106
3,5,101,-22.51217,-44.17892,-17.0798,-17.63542,-28.89535,10.95891,-7.711014,-31.01331,15.05626,3.198623,-29.50527,17.69301,15.45009,-27.23453,12.92596,32,10,11,13,51
3,5,101,-21.96457,-44.57711,-16.74188,-17.56361,-29.06563,10.73123,-7.767126,-31.22298,14.92202,3.191484,-29.66793,17.55998,15.50547,-27.30032,12.8616,31,10,11,13,50
3,5,101,-21.69596,-45.18994,-16.2825,-17.54781,-29.22971,10.68594,-7.840954,-31.45337,14.9045,3.137827,-29.88181,17.54503,15.52415,-27.40241,12.90504,31,10,11,13,50
3,5,101,-21.48732,-45.7718,-15.85863,-17.56429,-29.39154,10.70534,-7.906939,-31.67274,14.92092,3.08249,-30.08458,17.5648,15.5242,-27.49531,12.9603,31,10,11,13,50
3,5,101,-21.55295,-45.83378,-15.79761,-17.57999,-29.27049,10.95107,-7.819791,-31.56675,15.09273,3.153512,-29.95409,17.70173,15.56034,-27.37424,13.05199,31,10,11,13,50
3,5,101,-22.59859,-45.29427,-16.48334,-17.64738,-28.73764,11.4189,-7.652003,-30.96285,15.40725,3.350592,-29.30737,17.98384,15.67723,-26.87589,13.21387,32,10,11,13,51
3,5,101,-23.58079,-45.05097,-17.07028,-17.75656,-28.46047,11.72791,-7.558644,-30.50256,15.71379,3.481712,-28.8094,18.341,15.7968,-26.5178,13.48543,33,11,11,13,53
3,5,101,-23.6034,-44.76864,-17.3783,-17.79486,-28.35402,11.96019,-7.551713,-30.32585,15.96008,3.489397,-28.60289,18.60728,15.77901,-26.35886,13.68874,34,11,11,13,53
3,5,101,-23.40051,-44.74658,-17.59601,-17.8516,-28.57887,12.08917,-7.618968,-30.45945,16.14295,3.386843,-28.74657,18.78447,15.6754,-26.45876,13.83121,34,11,11,13,53
3,5,101,-23.27661,-44.75781,-17.78143,-17.88813,-28.63674,12.13763,-7.624915,-30.43527,16.24153,3.347128,-28.74422,18.87599,15.65267,-26.45988,13.89524,34,11,11,13,53
3,5,101,-23.40796,-44.45844,-18.284,-18.12738,-28.60194,12.46404,-7.649521,-30.3045,16.56232,3.291981,-28.66322,19.16176,15.59148,-26.38972,14.1298,34,11,11,13,53
3,5,101,-24.55958,-43.72576,-20.14777,-18.23314,-28.05547,12.77299,-7.48814,-29.31239,17.08749,3.150673,-27.8271,19.64666,15.48523,-25.74201,14.52966,37,11,11,13,55
3,5,101,-26.66628,-42.70791,-22.42012,-18.22175,-28.07079,12.62108,-7.27597,-28.96302,17.15582,3.208977,-27.37945,19.74212,15.56882,-25.39154,14.65673,38,11,10,13,58
3,5,101,-28.8681,-42.2103,-24.12779,-18.02367,-28.57375,12.1068,-7.161964,-29.08662,16.80334,3.282677,-27.3384,19.47048,15.76723,-25.3662,14.54945,40,11,10,13,61
3,5,101,-32.99821,-41.21675,-25.82207,-17.95879,-28.80122,11.77805,-6.937691,-28.92142,16.66431,3.447201,-27.02886,19.39473,16.05377,-25.17908,14.53853,42,12,10,13,65
3,5,101,-36.92841,-40.92287,-26.99023,-18.03896,-28.60064,11.8588,-6.712616,-28.62727,16.9052,3.653778,-26.64041,19.60113,16.34215,-24.87936,14.63641,44,12,10,13,69
3,5,101,-39.94044,-42.53842,-26.71458,-18.07664,-28.53302,11.72475,-6.541,-28.22355,17.02695,4.055,-26.20821,19.77649,16.89527,-24.39467,14.6264,46,12,11,13,72
3,5,101,-41.44028,-43.54087,-26.33042,-18.08715,-28.00658,12.1367,-6.377129,-27.74809,17.30181,4.391716,-25.85066,19.95838,17.27016,-24.06831,14.5112,47,12,11,14,74
3,5,101,-43.39088,-43.33816,-26.35448,-18.3557,-27.14528,12.67091,-6.229263,-27.16837,17.63409,4.794647,-25.44819,20.16792,17.64919,-23.67406,14.37458,49,13,11,14,75
3,5,101,-44.96019,-43.19677,-26.15427,-18.69742,-26.69064,12.75745,-6.276817,-26.9484,17.87785,5.008286,-25.2666,20.38981,17.8851,-23.41232,14.32972,49,13,11,14,77
3,5,101,-45.08728,-43.83143,-25.61645,-19.04853,-26.65826,12.58952,-6.480804,-26.96992,17.94055,5.126343,-25.22249,20.42085,18.11617,-23.25029,14.14392,49,13,11,14,77
3,5,101,-45.84301,-44.05264,-25.28631,-19.32235,-26.87732,12.24705,-6.726875,-27.13696,17.74717,5.167839,-25.27126,20.21183,18.25732,-23.2388,13.80749,49,13,12,14,77
3,5,101,-47.07918,-43.89901,-25.14411,-19.44213,-27.31108,11.76077,-6.917366,-27.44772,17.44446,5.16317,-25.44651,19.95599,18.28575,-23.38712,13.53149,48,13,12,14,78
3,5,101,-48.47411,-43.19552,-25.31586,-19.53732,-27.81833,11.30404,-7.046906,-27.77709,17.23391,5.11232,-25.58498,19.81129,18.23451,-23.50152,13.39667,49,13,12,14,79
3,5,101,-49.58904,-42.48891,-25.56421,-19.64815,-28.14388,10.96651,-7.112335,-27.9343,17.06728,5.093071,-25.58429,19.71974,18.25803,-23.45628,13.35971,49,13,12,14,80
3,5,101,-49.8833,-41.6749,-26.02162,-19.62585,-28.4587,10.88914,-7.138771,-28.18755,16.96304,5.031914,-25.72038,19.68672,18.21492,-23.55943,13.33287,49,13,12,14,80
3,5,101,-49.75934,-41.35124,-26.2354,-19.61189,-28.51504,10.91814,-7.139641,-28.33424,16.92639,4.998093,-25.83769,19.67908,18.17487,-23.66155,13.32919,49,13,12,14,80
3,5,101,-49.42976,-40.9656,-26.51443,-19.58167,-28.5471,11.01398,-7.121696,-28.5327,16.88424,4.961884,-26.03898,19.66147,18.11948,-23.8476,13.32318,49,13,12,14,80
3,5,101,-48.82274,-40.69919,-26.79247,-19.5052,-28.44728,11.21642,-7.078506,-28.61075,16.96375,4.925255,-26.17642,19.70427,18.03654,-23.98853,13.35019,49,13,12,14,79
3,5,101,-48.75711,-40.38091,-26.92587,-19.65271,-27.91517,11.58591,-7.089615,-28.39206,17.20718,4.790215,-26.02749,19.85512,17.89153,-23.89593,13.45688,49,13,12,14,79
3,5,101,-48.75154,-40.45559,-26.7854,-19.79628,-27.51942,11.80196,-7.126289,-28.10869,17.3131,4.667084,-25.86488,19.92008,17.7486,-23.77731,13.56093,49,13,12,14,79
3,5,101,-48.96315,-40.72324,-26.38689,-19.88876,-27.17789,11.81898,-7.10508,-27.77266,17.26919,4.633751,-25.67254,19.8727,17.73087,-23.61224,13.62555,49,13,12,14,79
3,5,101,-48.66433,-41.28168,-25.98683,-19.94174,-26.84149,11.88113,-7.085449,-27.35197,17.28896,4.611137,-25.44767,19.88459,17.73293,-23.39125,13.73175,49,13,12,14,79
3,5,101,-47.04942,-42.23402,-25.59331,-19.80241,-26.68554,11.95741,-7.004402,-26.99212,17.3835,4.67292,-25.33257,20.00843,17.73601,-23.23384,13.94695,48,13,12,14,78
3,5,101,-45.84787,-42.41615,-25.63708,-19.67793,-26.6134,12.14618,-6.84967,-26.71886,17.5191,4.720985,-25.20624,20.16062,17.71312,-23.08134,14.17437,48,13,11,14,77
3,5,101,-44.70075,-42.07843,-25.76297,-19.494,-26.52741,12.45895,-6.674385,-26.55683,17.65897,4.703064,-25.11859,20.30679,17.64191,-23.03822,14.3869,48,13,11,14,76
3,5,101,-43.40173,-41.37552,-25.93769,-19.17255,-26.36707,12.65886,-6.442085,-26.43224,17.68106,4.68499,-25.07103,20.35348,17.57435,-23.12321,14.57511,47,13,11,14,75
3,5,101,-41.26437,-40.97076,-25.91498,-18.91415,-26.18034,12.75636,-6.210155,-26.29616,17.59579,4.686375,-24.97771,20.24483,17.55085,-23.23939,14.68133,47,13,11,14,73
3,5,101,-38.53133,-40.68486,-25.75706,-18.77108,-25.97331,12.96091,-6.049438,-26.33096,17.64225,4.544392,-24.99734,20.16712,17.32245,-23.50562,14.82314,45,13,10,13,71
3,5,101,-36.57907,-40.62594,-25.57318,-18.41854,-26.16567,12.67941,-5.898304,-26.612,17.5052,4.434322,-25.18305,20.00221,17.13227,-23.83361,14.95491,44,13,10,13,69
3,5,101,-33.58919,-40.47256,-24.97232,-18.09718,-26.00772,12.52219,-5.991226,-26.8186,17.27587,4.06638,-25.40514,19.67707,16.73574,-24.24673,14.89135,43,13,10,13,66
3,5,101,-29.23985,-41.51279,-23.1945,-17.95445,-26.11411,12.41369,-6.441252,-27.19869,17.06847,3.443714,-25.84126,19.44833,16.11737,-24.75052,14.85927,40,12,10,13,61
3,5,101,-25.91309,-42.17749,-21.50719,-17.85007,-26.36329,12.01777,-6.864477,-27.44417,16.70942,3.085345,-26.14986,19.1962,15.72568,-25.06177,14.75491,37,11,10,13,57
3,5,101,-23.25613,-42.50039,-20.09033,-17.97485,-26.48309,12.06903,-7.25052,-27.67416,16.55254,2.824125,-26.67248,19.11693,15.42187,-25.44748,14.67891,36,11,10,13,54
3,5,101,-22.20772,-42.77422,-19.27893,-18.05422,-26.73175,11.93994,-7.456294,-28.01914,16.27357,2.767506,-27.14601,18.88294,15.36475,-25.7709,14.45659,35,11,10,13,53
3,5,101,-21.87464,-43.70928,-17.51224,-18.15071,-27.29446,11.41341,-7.668518,-28.94672,15.63432,2.971369,-28.06696,18.3531,15.50142,-26.3496,13.96928,33,11,11,13,51
3,5,101,-22.2539,-44.72121,-16.49866,-18.11698,-27.74233,10.76349,-7.893126,-29.86242,14.97488,2.987093,-28.75764,17.7426,15.41879,-26.73952,13.35846,32,11,11,13,51
3,5,101,-23.91741,-44.63473,-16.58234,-17.94888,-27.88605,10.23399,-7.943707,-30.52487,14.46396,3.123707,-29.16657,17.1877,15.41349,-26.97533,12.72395,32,11,11,13,52
3,5,101,-25.72863,-44.94369,-16.99321,-17.74449,-28.56836,8.963028,-8.078573,-31.61848,13.29126,3.056938,-30.04396,16.00471,15.30012,-27.48846,11.64816,31,11,11,13,52
3,5,101,-27.13829,-45.37558,-17.30029,-17.64525,-29.06143,7.807755,-8.074924,-32.29456,12.30505,3.145218,-30.49252,15.03625,15.38327,-27.6887,10.85497,31,11,11,13,53
3,5,101,-29.32467,-44.54591,-18.07587,-17.68591,-28.89145,7.291306,-8.06168,-32.1496,11.90807,3.259987,-30.17091,14.57343,15.49974,-27.40218,10.43361,32,11,11,13,55
3,5,101,-31.38424,-44.31756,-18.47147,-17.91111,-29.22782,6.797379,-8.125889,-32.54587,11.44017,3.283901,-30.27129,14.05067,15.61347,-27.38239,10.01521,32,11,11,13,57
3,5,101,-31.74948,-44.79596,-18.33965,-17.97244,-29.75241,6.358658,-8.151005,-32.92014,11.18036,3.324162,-30.43539,13.80457,15.69408,-27.4744,9.860336,32,11,12,13,57
3,5,101,-32.47833,-44.10633,-18.94383,-17.91274,-29.67688,6.436768,-8.041161,-32.53987,11.51141,3.530792,-29.96104,14.11064,15.86895,-27.1302,10.03757,32,11,12,13,58
3,5,101,-32.8791,-43.89227,-19.30783,-17.93372,-30.06419,5.916367,-8.034821,-32.60804,11.45039,3.628487,-29.93001,14.13435,15.93594,-27.10177,10.05133,32,11,12,13,59
3,5,101,-33.03043,-44.01799,-19.33229,-18.04938,-30.4101,5.472397,-8.103539,-32.72488,11.35263,3.629986,-29.98157,14.12346,15.94263,-27.12834,10.07942,32,11,12,13,59
3,5,101,-33.03661,-44.09608,-19.37595,-18.12181,-30.50717,5.410049,-8.146545,-32.74825,11.40739,3.610619,-29.97847,14.21783,15.91528,-27.11783,10.16623,31,11,12,13,59
3,5,101,-32.8473,-43.6655,-19.59651,-18.06197,-29.98865,6.21109,-8.114361,-32.34097,11.96928,3.576061,-29.64063,14.70277,15.85063,-26.89159,10.47751,32,11,12,13,59
3,5,101,-33.04249,-43.77202,-19.06853,-18.05179,-29.83013,6.240356,-8.139397,-32.33801,11.86395,3.48201,-29.66103,14.59093,15.8035,-26.90169,10.41235,32,11,12,13,59
3,5,101,-32.37814,-43.80006,-18.93034,-18.02228,-29.56776,6.681534,-8.173485,-32.22021,12.11746,3.332245,-29.65218,14.80797,15.63853,-26.888,10.56433,32,11,12,13,58
3,5,101,-30.9699,-44.2516,-18.46117,-18.00538,-29.39417,7.112854,-8.207247,-32.22258,12.25583,3.100101,-29.81517,14.9223,15.39286,-27.00475,10.66669,32,11,11,13,57
3,5,101,-30.94,-44.4826,-18.27602,-17.98119,-29.32705,7.357361,-8.227892,-32.236,12.32718,3.04063,-29.87015,14.99336,15.36689,-27.0249,10.73709,32,11,11,13,57
3,5,101,-29.63437,-45.146,-17.60542,-17.99163,-29.13335,8.151398,-8.273619,-32.17445,12.75996,2.844564,-29.96692,15.38896,15.2181,-27.06994,11.10086,32,11,11,13,56
3,5,101,-28.45929,-45.32742,-17.1817,-17.85529,-28.54309,9.261841,-8.055134,-31.6037,13.59741,2.878132,-29.57116,16.15477,15.24861,-26.80901,11.74875,33,11,11,13,55
3,5,101,-26.68559,-44.98055,-17.0545,-17.58299,-27.70482,10.66536,-7.756104,-30.78362,14.78432,2.994064,-29.00099,17.22377,15.28172,-26.47039,12.59134,33,11,11,13,54
3,5,101,-25.37966,-45.05681,-16.60431,-17.55756,-27.77061,10.98468,-7.855006,-30.81515,15.03931,2.92529,-29.19382,17.49841,15.22013,-26.69408,12.78833,33,10,11,13,53
3,5,101,-22.18443,-45.60274,-15.48169,-17.65821,-28.3631,11.29796,-8.102818,-30.95223,15.44987,2.851099,-29.48312,17.97078,15.29144,-26.97467,13.25258,32,10,11,13,50
3,5,101,-20.946,-46.0062,-15.62477,-17.80512,-28.68019,11.67073,-8.034233,-30.6946,15.90026,3.028028,-29.20832,18.5182,15.52154,-26.72354,13.74042,32,10,11,13,50
3,5,101,-20.0783,-46.01782,-15.76456,-18.11535,-28.79794,12.12761,-7.990234,-30.36357,16.36486,3.176455,-28.85442,19.01289,15.65549,-26.43077,14.1386,32,11,11,13,50
3,5,101,-22.51083,-44.84735,-18.90225,-18.70033,-28.08502,12.94884,-7.708054,-29.12702,17.42889,3.072353,-27.72119,20.00119,15.49638,-25.49616,14.91647,36,11,11,13,54
3,5,101,-26.41368,-43.06557,-22.59865,-18.64459,-28.40498,12.62404,-7.349304,-28.7902,17.44727,3.213245,-27.17556,20.10426,15.59174,-25.06716,15.01727,38,12,11,13,59
3,5,101,-30.13864,-41.65867,-25.01848,-18.21565,-28.95461,11.99404,-7.070583,-28.99123,16.92298,3.407722,-27.196,19.67163,15.89709,-25.17146,14.75802,40,12,10,13,63
3,5,101,-34.78646,-39.47329,-27.39536,-18.10368,-29.33922,11.6776,-6.691181,-28.88274,16.77222,3.662086,-26.9101,19.5678,16.1874,-25.08022,14.66392,43,12,10,13,67
3,5,101,-38.99531,-38.40954,-28.62145,-18.06853,-29.43716,11.48991,-6.304386,-28.6629,16.80469,3.982903,-26.52667,19.65663,16.55653,-24.80601,14.69986,46,12,10,13,71
4,5,101,-59.77318,-59.89181,-15.78471,-32.24628,-20.55051,-92.38078,-11.72935,-39.86321,-88.86665,12.79921,-49.616,-68.88107,31.88335,-46.15675,-40.14482,90,28,33,34,95
4,5,101,-59.42409,-60.15253,-15.74989,-32.30017,-20.60932,-92.31396,-11.80409,-39.79398,-88.86578,12.73155,-49.86862,-68.6156,31.73225,-46.28536,-39.92316,90,28,33,34,95
4,5,101,-58.96593,-60.4894,-15.70263,-32.39781,-20.74561,-92.18125,-11.916,-39.66794,-88.87306,12.65923,-50.03159,-68.40209,31.63457,-46.35717,-39.77187,90,28,33,34,94
4,5,101,-58.41283,-60.85171,-15.68937,-32.51216,-20.93002,-92.02806,-12.01198,-39.50908,-88.93985,12.64477,-50.01738,-68.43526,31.61745,-46.35615,-39.73655,89,27,33,34,94
4,5,101,-57.65334,-61.31602,-15.68858,-32.62752,-21.34203,-91.80938,-12.17296,-39.4246,-89.0342,12.60081,-50.03101,-68.5593,31.60457,-46.35797,-39.82106,89,27,33,34,93
4,5,101,-57.12274,-61.56089,-15.7593,-32.61584,-21.55449,-91.72831,-12.23242,-39.39854,-89.12743,12.63051,-50.0238,-68.71372,31.65837,-46.35297,-39.94594,89,27,33,34,93
4,5,101,-56.86923,-61.64266,-15.81344,-32.56651,-21.66968,-91.69511,-12.24805,-39.38826,-89.1776,12.66299,-49.96407,-68.83908,31.71992,-46.29874,-40.05278,89,27,33,34,93
4,5,101,-56.67848,-61.64076,-15.99763,-32.55157,-21.55099,-91.61163,-12.22119,-39.1461,-89.21773,12.74458,-49.56025,-69.13632,31.82463,-45.9781,-40.38294,88,26,33,34,93
4,5,101,-56.47157,-61.63747,-16.15617,-32.55679,-21.46478,-91.50955,-12.20682,-38.8676,-89.26807,12.80794,-49.16467,-69.40739,31.92799,-45.67574,-40.66093,88,26,33,34,93
4,5,101,-56.3461,-61.69343,-16.10994,-32.57545,-21.6499,-91.43994,-12.25655,-38.86558,-89.2782,12.78524,-49.17892,-69.39195,31.99302,-45.67901,-40.67788,88,26,33,34,93
4,5,101,-56.32516,-61.73106,-16.04222,-32.55209,-21.87642,-91.39023,-12.28571,-38.98189,-89.26381,12.77054,-49.26595,-69.37129,32.03777,-45.73605,-40.67807,88,26,33,34,93
4,5,101,-56.4162,-61.70795,-15.98967,-32.51534,-22.05989,-91.38215,-12.29181,-39.13311,-89.24866,12.76192,-49.36792,-69.34636,32.04346,-45.81381,-40.6216,88,26,33,34,93
4,5,101,-56.59323,-61.6324,-15.94067,-32.45132,-22.16512,-91.40355,-12.28554,-39.28502,-89.23248,12.75986,-49.47964,-69.30949,32.03848,-45.89677,-40.55898,88,26,33,34,93
4,5,101,-56.69984,-61.53018,-16.05405,-32.40266,-21.98309,-91.407,-12.23177,-39.14449,-89.25408,12.81189,-49.24585,-69.46333,32.04919,-45.71426,-40.69482,88,26,33,34,93
4,5,101,-56.74434,-61.4921,-16.0435,-32.3996,-22.00903,-91.40536,-12.24078,-39.1636,-89.25131,12.79501,-49.27978,-69.43369,32.04692,-45.7378,-40.68062,88,26,33,34,93
4,5,101,-56.88434,-61.42195,-15.99207,-32.32443,-22.1021,-91.44266,-12.21481,-39.30962,-89.23068,12.77907,-49.4319,-69.33136,32.01514,-45.84496,-40.55433,88,26,33,34,93
4,5,101,-57.29247,-61.21478,-15.9069,-32.15968,-22.15314,-91.5393,-12.14978,-39.56108,-89.17609,12.75986,-49.70722,-69.13361,31.9603,-46.02976,-40.39645,88,26,33,34,93
4,5,101,-57.77052,-60.94792,-15.85455,-32.00899,-22.08031,-91.67233,-12.08095,-39.81705,-89.11644,12.76255,-49.9416,-68.9985,31.93456,-46.19236,-40.32689,89,26,33,34,94
4,5,101,-58.06731,-60.76166,-15.84135,-31.93266,-22.00649,-91.74736,-12.03619,-39.9573,-89.08246,12.77487,-50.04369,-68.96562,31.90774,-46.27521,-40.2767,89,26,33,34,94
4,5,101,-58.30734,-60.59878,-15.83877,-31.87816,-21.884,-91.82832,-11.98479,-40.01411,-89.08723,12.80222,-50.09903,-68.96212,31.90227,-46.3324,-40.24028,89,27,33,34,94
4,5,101,-58.51872,-60.39725,-15.94854,-31.85606,-21.53162,-91.88388,-11.90237,-39.82521,-89.11469,12.86329,-49.88918,-69.07268,31.8943,-46.17927,-40.31141,89,27,33,34,94
4,5,101,-58.6239,-60.34213,-15.90012,-31.84857,-21.48777,-91.92831,-11.90318,-39.94596,-89.07253,12.84821,-50.0007,-69.03132,31.83415,-46.27872,-40.19049,89,27,33,34,94
4,5,101,-58.49287,-60.34972,-16.01047,-31.92078,-21.22253,-91.89297,-11.87544,-39.71372,-89.09153,12.90895,-49.73557,-69.20998,31.84506,-46.09866,-40.28111,89,27,33,34,94
4,5,101,-58.29231,-60.47057,-15.96125,-31.99353,-21.29729,-91.86232,-11.91185,-39.74024,-89.09559,12.89377,-49.79688,-69.20395,31.83065,-46.16597,-40.17013,89,27,33,34,94
4,5,101,-58.05933,-60.60213,-15.93058,-32.06036,-21.39696,-91.81614,-11.94547,-39.75144,-89.10597,12.88837,-49.80153,-69.24393,31.84166,-46.19036,-40.10896,89,27,33,34,94
4,5,101,-57.75972,-60.76554,-15.92604,-32.1465,-21.50351,-91.74788,-11.99059,-39.70217,-89.13576,12.89457,-49.73091,-69.33829,31.89751,-46.15878,-40.12651,89,27,33,35,94
4,5,101,-57.43468,-60.88596,-16.07654,-32.2243,-21.37451,-91.65287,-11.99091,-39.4193,-89.18141,12.95939,-49.34216,-69.60589,32.00697,-45.86617,-40.40971,88,27,33,35,93
4,5,101,-57.1422,-61.04768,-16.0639,-32.30766,-21.51937,-91.5863,-12.04596,-39.34913,-89.19965,12.93549,-49.30936,-69.5827,32.05219,-45.83984,-40.39287,88,27,33,35,93
4,5,101,-56.78937,-61.19199,-16.1834,-32.3792,-21.38985,-91.5152,-12.04747,-38.99483,-89.26742,12.96889,-48.96163,-69.73777,32.12086,-45.57624,-40.54816,88,26,33,35,93
4,5,101,-56.50456,-61.34943,-16.15018,-32.40714,-21.52481,-91.49245,-12.06497,-38.96912,-89.28764,12.95302,-49.02782,-69.65007,32.15575,-45.63118,-40.45638,88,26,33,35,93
4,5,101,-56.08128,-61.4727,-16.3941,-32.44366,-21.27303,-91.41615,-12.0164,-38.53748,-89.35257,13.02644,-48.53059,-69.93037,32.18361,-45.26269,-40.68445,88,26,33,35,92
4,5,101,-55.93205,-61.58352,-16.30345,-32.45363,-21.45251,-91.40987,-12.04082,-38.62074,-89.33482,12.96439,-48.71931,-69.74776,32.12469,-45.40346,-40.46021,88,26,33,35,92
4,5,101,-55.86688,-61.63271,-16.31617,-32.39572,-21.4009,-91.45792,-12.03981,-38.64347,-89.31083,12.94886,-48.74145,-69.70239,32.05001,-45.39767,-40.37887,88,26,33,35,92
4,5,101,-55.88921,-61.66637,-16.21816,-32.36494,-21.52039,-91.49875,-12.0795,-38.82083,-89.26106,12.89088,-48.95039,-69.55087,31.99512,-45.54077,-40.22066,88,26,33,35,92
4,5,101,-55.24561,-62.05713,-16.50351,-32.86086,-23.53282,-90.61711,-12.13925,-37.92031,-90.12598,13.52103,-46.9409,-71.15047,35.1993,-43.67625,-44.92427,86,25,33,34,96
4,5,101,-57.11458,-60.78855,-16.30573,-32.45961,-22.20305,-91.48119,-12.18512,-39.44111,-89.28338,13.08502,-47.40184,-71.54879,34.78765,-44.35094,-45.0863,88,26,31,34,97
4,5,101,-59.10393,-59.62617,-15.96131,-31.86276,-20.58151,-92.41796,-12.09914,-40.50413,-88.58487,12.80551,-48.28543,-71.12164,33.8194,-45.28886,-44.41132,90,28,31,34,98
4,5,101,-59.92405,-59.09524,-15.86229,-31.47775,-19.3294,-92.9333,-12.10011,-40.79398,-88.2068,12.7803,-48.74017,-70.6776,33.06292,-45.61655,-44.03443,91,29,31,33,98
4,5,101,-60.48229,-58.95064,-15.30977,-31.65257,-18.4464,-92.92736,-12.50327,-41.2001,-87.23195,12.1173,-49.62242,-69.51853,32.34332,-46.44315,-42.95708,92,30,31,33,97
4,5,101,-60.47729,-59.09945,-15.05786,-31.74931,-18.36949,-92.78084,-12.59816,-41.07232,-87.06691,12.03374,-49.82211,-69.12024,32.30409,-46.65547,-42.65153,92,30,31,33,97
4,5,101,-60.53723,-59.34543,-14.65437,-31.88765,-18.34081,-92.47762,-12.69772,-40.81091,-86.8796,12.04283,-50.11404,-68.42415,32.30679,-46.98738,-42.11428,92,30,32,33,97
4,5,101,-59.68502,-60.04417,-14.78584,-31.89194,-16.92624,-92.95238,-12.5647,-40.39688,-86.63873,12.50717,-50.16785,-67.81445,32.16046,-47.06487,-41.44743,93,31,32,33,96
4,5,101,-58.86761,-60.47186,-15.08461,-32.01389,-15.08084,-93.58418,-12.39618,-39.94229,-86.40915,12.8623,-49.79398,-67.6476,32.04931,-46.75072,-41.11049,94,32,32,32,95
4,5,101,-58.56069,-60.52705,-15.21379,-31.95927,-13.4722,-94.24789,-12.2485,-39.86157,-86.14545,12.96398,-49.77517,-67.43381,31.8056,-46.75893,-40.63599,95,33,32,32,94
4,5,101,-58.40929,-60.40701,-15.34517,-31.86625,-12.13251,-94.75751,-12.11225,-39.95686,-85.85182,12.96209,-49.75189,-67.40925,31.59484,-46.75861,-40.33714,96,35,32,33,94
4,5,101,-58.46606,-60.1617,-15.43494,-31.70716,-11.36998,-95.03114,-11.95303,-40.08666,-85.63583,12.94093,-49.73611,-67.497,31.42044,-46.75243,-40.13533,97,36,32,33,94
4,5,101,-59.04195,-59.49255,-15.51905,-31.06678,-10.84178,-95.28118,-11.6358,-40.28555,-85.50878,12.92102,-49.72667,-67.61754,31.23908,-46.64588,-40.22697,97,36,31,33,94
4,5,101,-59.85867,-58.81079,-15.54217,-30.26588,-10.36862,-95.55534,-11.30311,-40.33226,-85.67482,12.92117,-49.83985,-67.57227,31.08364,-46.58888,-40.42037,98,36,31,32,95
4,5,101,-60.86098,-57.95808,-15.54722,-29.47578,-9.703522,-95.84952,-10.96101,-40.60733,-85.68819,12.80035,-50.02573,-67.36163,30.86069,-46.51494,-40.60753,98,37,31,32,95
4,5,101,-61.73569,-57.07957,-15.6441,-29.00494,-8.580688,-96.00594,-10.7505,-40.99512,-85.34747,12.66003,-50.00749,-67.1476,30.74558,-46.16864,-41.05354,99,38,30,31,96
4,5,101,-62.12141,-56.58535,-15.72525,-28.7872,-8.156631,-96.0517,-10.67192,-41.21816,-85.1507,12.54625,-50.05395,-67.05051,30.64221,-46.08403,-41.19849,99,39,30,31,96
4,5,101,-62.70963,-55.7391,-15.93772,-28.54043,-7.290512,-96.17238,-10.46912,-41.2982,-85.09961,12.48507,-50.20997,-66.82823,30.57168,-45.96006,-41.49082,99,40,30,31,97
4,5,101,-63.23307,-54.97527,-16.23594,-28.48497,-6.281067,-96.42278,-10.25286,-41.38138,-85.15747,12.57712,-50.4261,-66.71967,30.67551,-45.92245,-41.96383,100,41,30,30,97
4,5,101,-63.65233,-54.17435,-16.63833,-28.23739,-5.548401,-96.58049,-10.00178,-41.94308,-84.53903,12.75892,-50.39405,-66.78013,30.8265,-45.85799,-42.42661,100,42,30,30,98
4,5,101,-64.25362,-53.30993,-17.05087,-27.6434,-4.588318,-96.86897,-9.681633,-43.17882,-83.24591,12.76199,-50.53735,-66.68424,30.60632,-45.94838,-42.79712,100,44,28,30,98
4,5,101,-64.44574,-52.75314,-17.39341,-27.20615,-3.785019,-96.93916,-9.567719,-44.17165,-81.82361,12.64159,-50.56027,-66.45395,30.37274,-45.7242,-43.29581,100,46,27,29,98
4,5,101,-64.80508,-51.96651,-17.69963,-26.74133,-3.258698,-96.87512,-9.687683,-45.06427,-80.5218,12.30029,-50.66951,-66.15379,30.10188,-45.47873,-43.903,100,48,26,28,98
4,5,101,-65.0546,-50.96828,-18.11732,-26.30326,-2.318558,-96.76913,-9.705055,-45.59267,-79.45987,12.16163,-50.73059,-65.722,29.91991,-45.03308,-44.53258,100,49,26,28,98
4,5,101,-65.41413,-49.71428,-18.57956,-25.58427,-2.563416,-96.78041,-9.636879,-46.11095,-78.69435,12.09444,-51.17432,-64.84137,29.72893,-44.82108,-45.06453,99,49,26,27,98
4,5,101,-65.70937,-49.14647,-18.78109,-25.51256,-3.139069,-96.88371,-9.662575,-46.64713,-78.17427,12.21547,-51.43579,-64.39905,29.76383,-44.80141,-45.26524,99,49,26,26,99
4,5,101,-66.37928,-48.70589,-18.75732,-25.42398,-2.912384,-97.12916,-9.65258,-47.54173,-77.35678,12.41826,-51.80321,-63.99618,29.75575,-45.02194,-45.17223,99,51,26,26,99
4,5,101,-67.15141,-48.46385,-18.51974,-25.40309,-1.997284,-97.42795,-9.579094,-48.56294,-76.2815,12.59944,-52.19473,-63.57478,29.67213,-45.34332,-44.83739,100,53,25,26,100
4,5,101,-67.84296,-48.53032,-18.1428,-25.56571,-1.229446,-97.65883,-9.462448,-49.33968,-75.416,12.73466,-52.54861,-63.17252,29.57564,-45.7141,-44.34563,101,55,25,26,100
4,5,101,-68.2503,-49.04071,-17.57372,-25.93781,-0.3348236,-97.61617,-9.301544,-48.88037,-75.81287,13.01067,-52.51289,-62.94555,29.71034,-45.85567,-43.7968,102,55,26,26,101
4,5,101,-68.36734,-50.05618,-16.81986,-26.18803,-0.02896118,-97.56104,-9.273636,-47.98814,-76.9854,13.07137,-52.45607,-62.89342,29.83195,-46.13416,-43.11317,103,54,26,26,101
4,5,101,-68.09238,-51.25586,-16.03347,-26.42075,0.1269379,-97.27814,-9.430534,-46.66583,-78.47855,12.89519,-52.0481,-63.36878,29.95021,-46.23108,-42.47894,104,53,27,27,101
4,5,101,-66.75546,-53.72554,-14.89328,-27.20139,-0.4224091,-96.36088,-9.997025,-43.52872,-81.69353,12.86372,-50.64344,-65.30987,30.42269,-46.01535,-41.68432,105,48,29,29,101
4,5,101,-65.19421,-55.96973,-14.10734,-27.99372,-2.506073,-95.63106,-10.24498,-41.2943,-83.94507,13.10513,-50.08315,-65.95847,30.71243,-46.08646,-40.68471,104,44,30,31,100
4,5,101,-64.2471,-57.07394,-13.79291,-28.41706,-3.746536,-95.38025,-10.47095,-39.92632,-85.2002,13.08559,-50.02962,-66.04491,30.71224,-46.2228,-40.07827,103,41,31,31,99
4,5,101,-61.14525,-59.71017,-13.54829,-30.313,-6.953217,-94.35446,-11.34415,-37.17306,-87.4364,12.99983,-49.87098,-66.3145,30.97514,-46.69228,-38.71475,101,36,34,33,96
4,5,101,-57.62914,-62.13639,-12.97569,-32.00327,-11.43871,-92.82076,-12.50266,-36.64667,-87.17197,12.17832,-50.11375,-64.97186,31.63172,-47.07922,-37.86805,97,32,35,33,93
4,5,101,-56.28846,-62.5545,-13.6296,-32.68734,-14.06966,-92.07758,-12.41262,-36.87226,-87.31961,12.13768,-49.59042,-65.28004,32.19437,-46.72791,-37.80334,95,30,35,34,93
4,5,101,-55.00609,-62.40366,-14.83443,-33.24316,-15.74507,-91.50542,-12.12213,-35.74407,-88.28818,12.35069,-48.35332,-66.4838,32.8549,-45.68015,-38.57508,92,29,35,34,92
4,5,101,-52.79272,-63.42181,-15.77451,-34.03026,-17.40769,-91.04893,-11.73074,-33.87322,-89.55153,12.8849,-46.55676,-67.91802,34.23407,-44.13649,-40.36274,90,27,35,34,92
4,5,101,-51.81482,-64.41454,-15.61317,-34.28322,-17.47719,-91.00252,-12.06802,-34.52531,-88.54212,12.91847,-45.82455,-68.25499,35.24774,-43.75592,-41.09808,90,28,34,35,93
4,5,101,-50.80853,-65.57148,-14.83948,-34.09485,-18.09594,-90.90727,-12.27043,-36.24442,-86.89129,13.00937,-46.18259,-67.56673,36.55608,-44.14507,-41.37196,91,28,33,35,93
4,5,101,-49.76541,-66.17194,-14.41744,-33.82245,-18.59539,-91.03974,-12.26012,-37.35658,-86.14867,13.34514,-46.49612,-66.9096,37.73145,-44.11983,-42.3365,91,28,33,34,94
4,5,101,-48.70796,-66.38328,-14.50672,-33.40245,-19.52446,-90.90817,-12.0224,-37.79946,-86.1611,13.96211,-46.17493,-67.16028,38.99821,-43.68015,-43.87873,90,28,33,34,95
4,5,101,-47.7567,-66.62085,-14.51843,-32.79886,-21.25326,-90.23197,-11.67206,-37.68759,-86.51136,14.6013,-44.97368,-68.45554,40.34042,-42.62257,-45.66168,89,27,32,34,96
4,5,101,-49.08618,-64.84001,-15.78824,-32.83401,-21.10675,-89.98763,-10.9817,-34.40717,-89.11578,15.4482,-41.68924,-72.50533,40.19912,-40.04848,-47.4102,87,25,32,35,97
4,5,101,-50.01532,-64.24805,-15.73501,-32.63029,-20.62302,-89.55112,-10.12088,-32.35055,-89.92922,16.00972,-40.30281,-73.3303,39.76684,-39.7457,-46.63442,87,25,31,35,98
4,5,101,-49.94087,-64.0101,-16.001,-32.06961,-20.53618,-89.42239,-9.07222,-31.14058,-90.66868,16.76666,-39.51721,-74.08068,39.88454,-39.58307,-46.42458,87,25,31,36,97
4,5,101,-49.12845,-63.99937,-16.22477,-31.53859,-20.74004,-89.17017,-8.181046,-30.01476,-91.16312,17.20108,-38.90628,-74.55473,39.91508,-39.63359,-45.79139,86,25,31,36,96
4,5,101,-48.63081,-64.77609,-15.30645,-30.68277,-22.28567,-88.05627,-8.704132,-30.46389,-90.93844,16.77072,-38.59568,-74.41553,39.6128,-39.42532,-45.90974,86,23,31,36,96
4,5,101,-49.24774,-64.28386,-15.02137,-29.7805,-23.36986,-87.26492,-8.785934,-30.39719,-91.16055,16.19815,-38.35654,-74.27377,38.56375,-39.30442,-45.36429,85,22,31,36,96
4,5,101,-49.00116,-63.60443,-15.096,-28.9942,-23.96178,-87.17982,-8.195404,-30.75696,-91.42465,16.52872,-38.55066,-74.15617,38.87693,-39.33312,-45.32204,84,22,31,36,96
4,5,101,-47.56451,-62.93299,-15.61662,-28.65269,-23.97579,-87.52521,-7.687683,-30.82026,-91.94614,17.03343,-38.45912,-74.52827,39.82002,-38.93611,-46.1261,83,22,31,36,95
4,5,101,-46.16237,-62.24508,-16.58737,-28.81743,-24.01106,-87.79425,-7.739395,-30.77951,-92.19412,17.20796,-38.00845,-74.97443,40.69309,-38.07935,-47.15573,82,22,31,36,95
4,5,101,-44.01425,-61.85332,-17.94229,-29.15533,-24.70885,-87.63448,-8.081467,-31.18232,-92.28247,17.17363,-37.72242,-75.67264,41.37579,-37.27226,-48.55667,80,22,30,36,93
4,5,101,-43.03326,-61.19438,-19.10245,-29.88579,-26.42309,-86.93877,-8.813217,-32.78149,-91.71207,16.80293,-38.728,-75.11277,41.20949,-37.49343,-48.67163,77,22,31,36,92
4,5,101,-42.32784,-60.71141,-19.92023,-30.79167,-29.82839,-85.16731,-9.471924,-35.52081,-90.28082,16.42978,-41.22979,-73.12946,40.07799,-39.17696,-47.14844,73,22,31,35,89
4,5,101,-42.78802,-59.31983,-20.54401,-31.8031,-34.80833,-82.19128,-9.812164,-38.72659,-87.80741,16.21451,-43.35761,-71.08575,39.38985,-40.85435,-45.62038,67,23,31,34,87
4,5,101,-42.74573,-57.93364,-20.79504,-32.22075,-36.8137,-81.17988,-9.47998,-40.02894,-86.92619,16.42912,-43.97995,-70.81088,39.29764,-41.70719,-45.17845,64,23,30,34,87
4,5,101,-42.67902,-56.6626,-21.04332,-32.34033,-39.12816,-79.92184,-9.000031,-41.38119,-86.26288,16.70827,-44.67329,-70.7107,38.95255,-42.81966,-44.47877,62,24,30,34,86
4,5,101,-43.14554,-55.70361,-21.06918,-32.21788,-41.35691,-78.22595,-8.636826,-42.55943,-85.66111,16.92331,-45.3348,-70.58728,38.58672,-43.66962,-44.02811,59,24,29,34,85
4,5,101,-42.84567,-54.93389,-21.33829,-31.97116,-42.80207,-76.65431,-8.359787,-43.03372,-85.33423,17.21532,-45.375,-70.74153,38.58856,-43.78099,-44.19239,57,25,29,34,85
4,5,101,-39.50906,-54.6184,-22.2469,-31.15074,-43.15318,-76.30759,-7.872665,-42.97366,-85.55305,17.78036,-44.99607,-71.52371,39.04778,-43.60693,-45.04611,55,25,29,33,82
4,5,101,-34.88628,-54.59998,-23.34378,-30.11044,-42.87109,-76.25266,-7.204681,-42.40296,-86.10677,18.39687,-44.33006,-72.59465,39.76759,-43.39483,-46.08165,54,24,29,34,78
4,5,101,-30.88756,-55.0099,-23.95431,-29.67204,-42.63295,-75.99486,-6.883453,-42.06837,-86.42952,18.79933,-44.04208,-73.26946,40.1488,-43.37074,-46.65038,53,25,28,34,75
4,5,101,-28.88232,-55.93844,-23.58884,-29.64244,-43.70596,-75.2308,-6.895111,-42.6304,-86.28505,18.95724,-44.48464,-73.09304,39.91489,-43.70319,-46.24537,53,25,29,34,73
4,5,101,-26.76985,-55.89095,-24.05973,-29.37663,-43.14598,-75.81194,-6.633743,-42.12337,-86.72562,19.25069,-44.0633,-73.60065,40.32462,-43.60359,-46.60684,53,25,29,34,71
4,5,101,-24.96622,-55.94608,-24.2402,-29.3293,-42.48372,-76.27302,-6.555313,-41.64072,-87.0939,19.45895,-43.69842,-74.02226,40.62312,-43.46642,-46.89455,53,25,29,34,70
4,5,101,-24.04205,-56.30682,-24.03501,-29.33035,-42.89156,-76.42047,-6.658005,-41.72733,-87.15891,19.44447,-43.7021,-73.96947,40.46243,-43.49339,-46.67111,54,25,29,34,69
4,5,101,-22.60324,-56.41053,-24.16786,-29.49623,-42.1461,-77.06844,-6.783646,-41.47202,-87.30694,19.52444,-43.33063,-74.36523,40.72047,-43.1235,-47.1666,55,24,29,34,68
4,5,101,-22.87494,-56.89341,-24.08027,-29.72701,-41.74903,-77.23872,-6.967453,-41.38215,-87.23376,19.54361,-42.94751,-74.63998,41.17359,-42.55907,-47.75887,55,24,29,34,69
4,5,101,-24.66614,-57.62122,-23.41817,-29.9937,-42.57505,-76.83904,-7.136459,-41.92425,-86.94965,19.35696,-43.24628,-74.20343,41.03547,-42.52832,-47.41782,55,25,29,34,71
4,5,101,-25.7422,-57.40079,-23.58309,-29.89026,-41.83374,-77.81652,-7.045807,-41.52631,-87.28038,19.35301,-42.7885,-74.55025,41.34216,-42.1087,-47.8619,56,24,29,34,72
4,5,101,-29.76563,-57.46204,-22.82613,-30.54865,-41.26808,-78.74757,-7.345139,-41.70244,-87.37651,18.66695,-43.23628,-73.83914,40.52671,-42.11522,-47.11689,58,24,29,34,75
4,5,101,-33.63948,-57.40129,-22.35773,-31.33885,-39.62947,-80.2428,-7.550262,-41.02777,-87.80992,18.13551,-43.15317,-73.5481,40.06067,-41.87998,-46.79836,60,25,29,34,79
4,5,101,-36.70264,-58.33016,-21.62413,-32.11124,-38.07843,-81.23582,-8.164352,-40.06625,-88.14166,17.38637,-42.82697,-73.28804,39.59705,-41.51199,-46.49712,63,25,29,34,81
4,5,101,-41.07918,-59.52951,-20.54455,-32.37125,-36.88542,-81.79118,-8.723267,-39.00316,-88.46761,16.74089,-42.50924,-72.904,39.29126,-41.31929,-45.93192,65,24,30,35,86
4,5,101,-45.46193,-60.50855,-19.23291,-32.25421,-36.21839,-81.95926,-9.084854,-38.09141,-88.85213,16.27269,-42.14542,-72.67679,39.12085,-41.17358,-45.41082,68,24,30,35,90
4,5,101,-48.64478,-60.79079,-18.4152,-31.5929,-34.1655,-83.02101,-9.096848,-36.02337,-90.14246,16.08145,-40.88147,-73.3913,39.30608,-39.97868,-46.06987,71,23,30,35,94
5,5,100,48.97258,-60.79671,-21.52687,29.63858,-13.86728,-93.12052,7.866653,-24.98121,-97.4694,-18.76133,-33.35006,-79.95055,-41.65437,-32.93662,-52.04227,87,24,32,36,99
5,5,100,48.73535,-60.90025,-21.57817,29.89282,-14.04186,-93.22048,8.104462,-25.00198,-97.62348,-18.51857,-33.341,-80.26313,-41.65406,-32.96379,-52.41991,87,24,32,36,99
5,5,100,48.48608,-61.09319,-21.57042,29.95262,-14.18641,-93.27718,8.141586,-24.97954,-97.7285,-18.49128,-33.30195,-80.39522,-41.7103,-32.96716,-52.51508,87,24,32,36,99
5,5,100,47.85387,-61.51534,-21.53067,30.00293,-14.4934,-93.35896,8.137177,-24.91175,-97.9426,-18.49909,-33.24627,-80.61877,-41.81606,-33.03969,-52.58764,87,24,32,36,99
5,5,100,47.25182,-61.8056,-21.53435,30.019,-14.64129,-93.43914,8.152573,-24.88746,-98.10392,-18.48293,-33.21626,-80.79325,-41.86502,-33.05654,-52.68124,87,24,32,36,98
5,5,100,47.2373,-61.69437,-21.61362,30.04088,-14.53223,-93.57592,8.303925,-25.04855,-98.19628,-18.30231,-33.27348,-80.96835,-41.82601,-33.06705,-52.93315,87,24,32,36,98
5,5,100,47.3073,-61.80096,-21.57146,30.03429,-14.72896,-93.62128,8.290222,-25.2434,-98.24238,-18.29997,-33.37671,-81.03194,-41.81988,-33.13978,-52.96496,87,24,32,36,98
5,5,100,47.52226,-61.83008,-21.52261,30.01694,-14.94845,-93.5989,8.267502,-25.47855,-98.19939,-18.28856,-33.5132,-81.01766,-41.76007,-33.25016,-52.9209,87,24,32,36,98
5,5,100,47.85342,-61.57162,-21.57437,30.0515,-14.99699,-93.51129,8.364563,-25.6333,-98.04623,-18.13824,-33.57408,-80.97195,-41.59103,-33.30589,-52.93277,87,24,32,36,98
5,5,100,47.75107,-61.67405,-21.59657,30.01537,-15.28735,-93.45736,8.371384,-25.86739,-97.93202,-18.13408,-33.62651,-80.92302,-41.59773,-33.25135,-52.92813,87,24,32,36,98
5,5,100,47.71001,-61.75073,-21.60052,29.95013,-15.54211,-93.3972,8.342819,-26.06519,-97.83294,-18.15629,-33.70337,-80.82894,-41.58942,-33.25674,-52.84537,87,24,32,36,98
5,5,100,47.76372,-61.78352,-21.59714,29.86797,-15.68955,-93.36445,8.302567,-26.27127,-97.73325,-18.1741,-33.82191,-80.727,-41.55827,-33.33185,-52.73138,87,24,32,36,98
5,5,100,48.06364,-61.55877,-21.60814,29.84779,-15.62037,-93.2711,8.387848,-26.35191,-97.54059,-18.05193,-33.84428,-80.58911,-41.45078,-33.33434,-52.68056,87,24,32,36,98
5,5,100,48.27502,-61.37236,-21.61442,29.81177,-15.44965,-93.17934,8.433685,-26.36156,-97.33479,-17.98774,-33.84328,-80.39753,-41.38692,-33.33624,-52.55984,87,24,32,36,98
5,5,100,48.52504,-61.207,-21.58547,29.70253,-15.26033,-93.08034,8.389801,-26.25437,-97.1554,-18.00689,-33.7905,-80.12936,-41.34042,-33.34401,-52.27991,87,24,32,36,98
5,5,100,48.52106,-61.26648,-21.53665,29.59744,-15.2559,-93.04971,8.282684,-26.21775,-97.10353,-18.11644,-33.75073,-80.01156,-41.39903,-33.32517,-52.10682,87,24,32,36,98
5,5,100,48.44847,-61.36595,-21.47583,29.44058,-15.21819,-93.00542,8.093781,-26.06509,-97.07078,-18.3199,-33.6189,-79.87486,-41.53154,-33.2477,-51.87149,87,24,32,36,99
5,5,100,48.40196,-61.40482,-21.45588,29.31406,-15.1395,-92.98314,7.936768,-25.88712,-97.08725,-18.50413,-33.41895,-79.84969,-41.67998,-33.07384,-51.78606,87,24,32,36,99
5,5,100,48.44659,-61.37981,-21.45319,29.26398,-15.12382,-92.9664,7.889999,-25.87551,-97.06641,-18.54794,-33.39061,-79.80927,-41.69262,-33.04996,-51.72659,87,24,32,36,99
5,5,100,48.61366,-61.29693,-21.43249,29.18059,-15.14957,-92.91813,7.81842,-25.91524,-97.00801,-18.59666,-33.39648,-79.71736,-41.6682,-33.05719,-51.58935,87,24,32,36,99
5,5,100,48.99353,-60.92633,-21.4699,29.20328,-14.9599,-92.83446,7.904068,-25.86637,-96.90794,-18.46223,-33.40324,-79.64948,-41.49402,-33.0642,-51.59629,87,24,32,36,99
5,5,100,48.97664,-60.83726,-21.50644,29.15663,-14.84061,-92.82455,7.863388,-25.80801,-96.89687,-18.46851,-33.44157,-79.60085,-41.44091,-33.06731,-51.59122,87,24,32,36,99
5,5,100,48.79067,-60.80758,-21.5466,29.11202,-14.86961,-92.78191,7.793114,-25.69199,-96.90632,-18.49583,-33.43837,-79.54649,-41.3841,-33.05866,-51.54686,87,24,32,36,99
5,5,100,48.69643,-60.83471,-21.54792,29.09068,-14.98055,-92.74527,7.742165,-25.58299,-96.97913,-18.52279,-33.45048,-79.54287,-41.32287,-33.1044,-51.49046,86,24,32,36,98
5,5,100,48.50833,-60.90461,-21.56623,29.10204,-15.04581,-92.75468,7.706635,-25.48142,-97.09189,-18.54331,-33.43748,-79.62136,-41.29567,-33.12431,-51.51941,86,24,32,36,98
5,5,100,48.40875,-60.97262,-21.58664,29.07877,-15.00324,-92.84508,7.646194,-25.33907,-97.28127,-18.5968,-33.37334,-79.75108,-41.34364,-33.07988,-51.61851,86,24,32,36,98
5,5,100,48.51797,-60.95296,-21.55779,29.01483,-15.00787,-92.85666,7.577423,-25.26075,-97.34284,-18.65752,-33.30582,-79.75014,-41.3775,-33.05148,-51.55736,87,24,32,36,98
5,5,100,48.89856,-60.61897,-21.57912,29.02623,-14.7504,-92.8293,7.61467,-25.06835,-97.36368,-18.57763,-33.18799,-79.75841,-41.27145,-33.05136,-51.52312,87,24,32,36,98
5,5,100,48.96973,-60.52795,-21.59486,28.91402,-14.43799,-92.89738,7.500694,-24.95972,-97.4077,-18.66967,-33.07198,-79.81927,-41.30927,-33.01725,-51.48724,87,24,32,36,98
5,5,100,49.39862,-60.23002,-21.6114,28.91774,-14.08246,-92.93566,7.51799,-24.81084,-97.42915,-18.62692,-32.96276,-79.89747,-41.2366,-33.02457,-51.50924,87,24,32,36,99
5,5,100,49.56282,-60.32613,-21.52374,28.90688,-14.07938,-92.99928,7.420563,-24.81833,-97.49816,-18.74062,-32.9488,-79.98787,-41.29954,-33.12643,-51.41447,87,24,32,36,99
5,5,100,49.70294,-60.39941,-21.46259,28.9021,-14.09164,-93.0947,7.334763,-24.83613,-97.61105,-18.81331,-32.96978,-80.10629,-41.32454,-33.23549,-51.35931,87,24,32,36,99
5,5,100,49.71665,-60.49392,-21.44175,28.96622,-14.06187,-93.20634,7.337318,-24.85096,-97.75002,-18.81503,-32.99586,-80.30014,-41.36144,-33.28065,-51.47433,87,24,32,36,99
5,5,100,49.95723,-60.28082,-21.49823,29.09026,-13.87945,-93.28963,7.459137,-24.7971,-97.85579,-18.6749,-32.9775,-80.49434,-41.23627,-33.31897,-51.64225,87,24,32,36,99
5,5,100,49.85776,-60.32617,-21.51291,29.04884,-13.86659,-93.3818,7.381775,-24.84927,-97.93262,-18.73468,-33.03014,-80.5694,-41.22222,-33.4093,-51.60226,88,24,32,36,99
5,5,100,49.68561,-60.35976,-21.55466,29.00682,-13.82738,-93.45535,7.330261,-24.89457,-97.98992,-18.77544,-33.05167,-80.64667,-41.21209,-33.44331,-51.59635,88,24,32,36,99
5,5,100,49.80928,-60.12821,-21.62531,29.09474,-13.66328,-93.44893,7.453568,-24.82642,-97.99191,-18.63123,-33.00739,-80.72894,-41.08824,-33.43035,-51.71252,88,24,32,36,99
5,5,100,49.76382,-59.89177,-21.76299,29.12223,-13.41934,-93.49795,7.52874,-24.74881,-98.02245,-18.53704,-32.91463,-80.89848,-41.01144,-33.3594,-51.91138,87,24,32,36,99
5,5,100,49.47162,-59.89637,-21.85431,28.94365,-13.38935,-93.56414,7.399597,-24.85043,-98.03202,-18.64379,-32.90934,-80.98121,-41.05599,-33.32407,-51.94241,87,24,32,36,99
5,5,100,48.96785,-59.8706,-22.00127,28.74547,-13.39941,-93.60607,7.269165,-25.01501,-98.03873,-18.70541,-33.03409,-81.04433,-41.02907,-33.37559,-51.98464,87,24,32,36,98
5,5,100,48.4119,-59.72505,-22.18729,28.56104,-13.3998,-93.56444,7.203842,-25.24587,-97.94183,-18.67381,-33.20833,-81.02603,-40.94787,-33.38083,-52.08179,87,24,31,36,97
5,5,100,47.60851,-59.47849,-22.42924,28.4136,-13.30824,-93.38153,7.161652,-25.4448,-97.71959,-18.63063,-33.36538,-80.92091,-40.86385,-33.37035,-52.16518,86,24,31,36,96
5,5,100,47.37401,-59.27543,-22.49284,28.33755,-13.33335,-93.16559,7.15448,-25.66742,-97.44267,-18.61076,-33.4575,-80.72794,-40.78321,-33.37747,-52.05564,86,24,31,36,96
5,5,100,47.49171,-58.84163,-22.56071,28.40273,-13.22713,-92.86118,7.271347,-25.78854,-97.06294,-18.488,-33.48839,-80.52251,-40.6043,-33.43707,-51.92553,85,24,31,36,96
5,5,100,47.23851,-58.73512,-22.60246,28.47884,-13.30361,-92.55003,7.289597,-25.86859,-96.65984,-18.54008,-33.41655,-80.32393,-40.59131,-33.36553,-51.7858,85,24,31,36,95
5,5,100,47.03169,-58.53764,-22.63704,28.51047,-13.5833,-92.14757,7.291168,-25.97144,-96.15723,-18.6341,-33.24685,-80.1153,-40.6189,-33.17647,-51.62263,84,24,31,35,95
5,5,100,46.49304,-58.26058,-22.71759,28.54845,-14.21326,-91.68938,7.286835,-26.07261,-95.68598,-18.69304,-33.07297,-79.93343,-40.59477,-32.96447,-51.43914,83,24,31,35,95
5,5,100,46.58473,-58.41716,-22.55815,28.83592,-16.52129,-90.68355,7.701904,-26.66051,-95.39528,-18.61604,-32.25314,-80.96324,-41.40198,-32.08288,-53.05325,81,23,30,36,96
5,5,100,47.42107,-58.3889,-22.37023,29.08337,-18.47702,-89.74974,8.121231,-27.30131,-95.07187,-18.5244,-31.96979,-81.49096,-41.71448,-31.69664,-53.83968,80,23,30,36,98
5,5,100,47.75185,-58.52733,-22.18413,29.15622,-19.46988,-89.24453,8.302307,-27.74968,-94.78896,-18.43811,-32.12193,-81.42202,-41.70595,-31.71232,-53.87325,79,23,30,36,98
5,5,100,48.00809,-58.57877,-22.02241,29.39349,-20.75579,-88.42496,8.731415,-28.30729,-94.31267,-18.09581,-32.34525,-81.21402,-41.3299,-31.8124,-53.7179,78,22,30,36,98
5,5,100,48.22849,-58.82145,-21.71017,29.57141,-21.65709,-87.95676,8.941147,-28.90929,-94.0219,-17.93744,-32.75863,-81.01242,-41.16531,-32.03908,-53.47204,78,22,30,36,98
5,5,100,49.44997,-59.0922,-21.23933,29.75618,-22.64256,-87.75684,9.115097,-29.72268,-93.93729,-17.84328,-33.47564,-80.92,-41.08984,-32.53291,-53.33453,78,22,30,36,99
5,5,100,51.69594,-59.39973,-20.49112,30.03807,-23.48204,-88.03504,9.385254,-31.43438,-93.74115,-17.55499,-35.39988,-80.30543,-40.48703,-34.18748,-52.50568,79,22,30,36,100
5,5,100,52.00961,-59.63869,-20.29481,30.15903,-23.70165,-88.07352,9.522675,-31.96934,-93.63834,-17.43541,-36.01931,-80.06058,-40.22067,-34.73094,-52.1778,79,22,30,36,100
5,5,100,52.14763,-59.99217,-20.16551,30.35956,-23.77425,-88.16515,9.793518,-32.58259,-93.50844,-17.17528,-36.76144,-79.74684,-39.55609,-35.41979,-51.66376,80,23,30,35,100
5,5,100,51.91443,-60.21532,-19.98994,30.36278,-23.70399,-88.12286,9.917145,-32.91841,-93.25261,-16.91709,-37.22816,-79.27829,-38.65708,-35.96363,-50.8334,80,23,30,35,98
5,5,100,51.76131,-60.32698,-19.71647,30.11456,-23.55169,-88.21612,9.730881,-33.11466,-93.14922,-16.89906,-37.43745,-78.94548,-38.24076,-36.21183,-50.19888,80,23,30,35,98
5,5,100,51.5938,-60.56658,-19.45464,29.81526,-23.69887,-88.45679,9.463745,-33.50659,-93.28777,-16.9298,-37.7091,-78.86489,-37.93578,-36.43127,-49.7661,81,23,30,35,97
5,5,100,51.35289,-60.76703,-19.42343,29.6801,-23.87374,-88.94636,9.265762,-34.10023,-93.66908,-16.97598,-38.15934,-79.09134,-37.66777,-36.80512,-49.63022,81,23,30,36,97
5,5,100,51.45995,-60.79314,-19.45189,29.6752,-23.99513,-89.50025,9.185883,-34.73648,-94.11666,-17.03673,-38.68317,-79.47911,-37.57214,-37.24851,-49.83161,82,23,30,36,96
5,5,100,51.81454,-60.80943,-19.48671,29.81726,-24.20325,-89.8961,9.292709,-35.43292,-94.41248,-17.02856,-39.27859,-79.80376,-37.5633,-37.77786,-50.11124,82,23,30,36,97
5,5,100,52.51401,-60.67701,-19.71269,30.09222,-24.61014,-90.31042,9.533386,-35.99849,-94.97893,-17.09813,-39.61933,-80.66064,-37.84774,-38.11674,-50.99614,82,23,30,36,98
5,5,100,53.28374,-60.529,-19.68161,30.30171,-25.1283,-90.30327,9.773148,-36.34264,-95.17451,-17.11282,-39.81426,-81.10921,-38.20148,-38.2646,-51.61922,82,23,30,36,99
5,5,100,54.77304,-60.03764,-19.7493,30.49728,-25.80408,-90.07735,10.10802,-36.47923,-95.40077,-17.13022,-39.7173,-81.68898,-38.74175,-38.15189,-52.49516,81,23,30,36,101
5,5,100,55.58342,-59.631,-19.66787,30.52458,-25.55998,-90.12704,10.17355,-36.35234,-95.36818,-17.07535,-39.75887,-81.54401,-38.79315,-38.26872,-52.46102,82,23,30,36,102
5,5,100,56.01563,-59.37219,-19.58596,30.45934,-25.25397,-90.11485,10.11935,-36.10905,-95.24934,-17.08847,-39.68488,-81.29774,-38.83383,-38.21016,-52.32022,82,23,30,36,102
5,5,100,56.43045,-58.87703,-19.42904,30.0894,-24.07186,-89.80328,9.798096,-35.11098,-94.42102,-17.082,-39.25124,-79.93199,-38.61024,-37.90435,-51.06179,82,23,30,36,102
5,5,100,55.93283,-58.43615,-19.55585,29.91148,-21.75974,-89.59372,9.561539,-33.32886,-93.36874,-16.90961,-38.3007,-78.2397,-37.97671,-37.36731,-49.20597,83,23,30,35,100
5,5,100,54.64662,-58.00938,-19.87806,29.78703,-18.60972,-89.94545,9.198212,-31.30642,-92.67419,-16.9255,-37.21941,-76.97847,-37.55833,-36.8373,-47.79781,84,24,31,35,98
5,5,100,52.97578,-57.94429,-20.52802,29.68712,-16.22826,-90.61568,8.838547,-29.40017,-93.05099,-17.18584,-35.93181,-77.2254,-37.67744,-36.18147,-47.95021,84,24,31,35,97
5,5,100,50.71107,-58.85892,-20.76987,29.43494,-15.25787,-90.89674,8.718185,-28.11338,-93.49307,-17.28657,-34.95359,-77.80835,-38.14384,-35.36425,-49.16853,85,24,31,35,96
5,5,100,48.23755,-59.44148,-21.28586,29.3802,-14.24932,-91.49416,8.534607,-26.15579,-94.87079,-17.78828,-33.53798,-79.01955,-39.06242,-34.21032,-50.89951,85,24,31,35,95
5,5,100,46.26762,-60.08239,-21.84542,29.53343,-14.27363,-92.15173,8.236832,-25.53547,-96.12015,-18.21163,-32.53067,-80.55211,-39.8178,-33.24598,-51.88362,85,24,31,35,95
5,5,100,45.35817,-60.90535,-21.86132,29.58147,-14.94621,-92.29475,8.330048,-25.82668,-96.44044,-18.06875,-32.54108,-80.82664,-40.34114,-32.82395,-52.4163,85,24,31,36,95
5,5,100,46.88094,-61.59245,-21.4804,29.80204,-16.68495,-92.06578,9.060081,-27.36891,-96.06691,-17.08141,-34.3306,-79.66597,-40.28587,-33.53989,-52.05317,85,23,31,36,96
5,5,100,47.70193,-61.60282,-21.55276,30.01703,-17.2137,-92.22948,9.44014,-28.07323,-96.18832,-16.6972,-35.30925,-79.18269,-40.153,-33.99861,-52.00782,85,23,32,35,96
5,5,100,48.91796,-60.95543,-21.77292,30.05741,-17.12999,-92.5929,9.43824,-28.01482,-96.83667,-16.62489,-35.55154,-79.33987,-40.11476,-33.93767,-52.43358,85,23,32,35,97
5,5,100,49.30692,-60.68215,-21.79082,29.89018,-17.07349,-92.87256,9.158195,-27.66673,-97.38721,-16.76135,-35.64587,-79.31703,-40.07809,-33.90168,-52.49988,85,23,32,35,98
5,5,100,49.37627,-60.4507,-21.7889,29.90346,-16.83234,-93.11922,8.908516,-26.79388,-98.07963,-16.68781,-35.65022,-79.25414,-39.68701,-34.17083,-52.2858,85,23,32,35,97
5,5,100,48.86966,-60.47546,-21.7882,29.72754,-16.05393,-93.55082,8.163353,-25.86121,-98.79419,-16.85829,-36.02647,-78.78304,-39.29293,-34.93901,-51.38166,86,24,33,35,96
5,5,100,47.63262,-60.59347,-21.77657,29.49387,-14.92959,-93.76447,7.444145,-24.76315,-99.17921,-16.89189,-36.43774,-77.99243,-38.66327,-35.66422,-50.21611,87,24,34,35,94
5,5,100,46.21703,-60.97009,-21.6258,29.43452,-14.22788,-93.80943,6.941719,-23.78416,-99.54459,-16.78307,-37.13752,-77.03946,-37.96373,-36.5989,-48.752,87,25,35,35,91
5,5,100,45.54661,-61.192,-21.54913,29.7721,-14.04628,-93.7081,6.94101,-23.13586,-99.86448,-16.43069,-37.61777,-76.39973,-37.23876,-37.34449,-47.56001,87,25,36,35,89
5,5,100,44.94038,-61.4678,-21.49026,30.05544,-13.79019,-93.65305,7.067154,-22.76438,-100.0224,-16.21046,-37.78784,-76.17752,-36.69424,-37.77434,-46.74512,87,25,36,35,88
5,5,100,44.22835,-61.93486,-21.3554,30.14673,-13.53975,-93.67522,7.147354,-22.7041,-100.0426,-16.11531,-38.25536,-75.86783,-36.27581,-38.3959,-45.85255,88,25,36,36,87
5,5,100,43.65505,-62.47149,-21.16133,30.40455,-13.67458,-93.56625,7.360519,-22.72103,-100.0051,-15.94528,-38.72404,-75.55788,-35.9599,-38.92051,-45.16092,88,25,37,36,86
5,5,100,43.5002,-62.77636,-21.0234,30.80748,-13.86713,-93.33008,7.635658,-22.56733,-99.99863,-15.61072,-38.94127,-75.29623,-35.6134,-39.20684,-44.63308,88,25,37,36,85
5,5,100,43.49232,-63.16846,-20.70895,30.90941,-14.32643,-93.03591,7.628525,-22.53682,-99.95475,-15.40986,-39.29605,-74.83178,-35.25811,-39.56002,-43.83742,88,25,37,36,85
